{"stats":{"minecraft:picked_up":{"minecraft:charcoal":2,"minecraft:crafting_table":2,"minecraft:leather":10,"minecraft:porkchop":6,"minecraft:oak_log":5,"minecraft:dirt":1,"minecraft:beef":14,"minecraft:mutton":8,"minecraft:white_wool":4,"minecraft:cobblestone":8,"minecraft:furnace":1},"minecraft:custom":{"minecraft:time_since_rest":4219,"minecraft:sprint_one_cm":22889,"minecraft:damage_taken":40,"minecraft:walk_one_cm":13168,"minecraft:mob_kills":14,"minecraft:damage_dealt":1321,"minecraft:swim_one_cm":3798,"minecraft:interact_with_crafting_table":2,"minecraft:fly_one_cm":64937,"minecraft:crouch_one_cm":640,"minecraft:play_time":4219,"minecraft:sneak_time":162,"minecraft:walk_under_water_one_cm":128,"minecraft:jump":230,"minecraft:time_since_death":4219,"minecraft:walk_on_water_one_cm":212,"minecraft:total_world_time":4219,"minecraft:fall_one_cm":8078},"minecraft:used":{"minecraft:stone_pickaxe":1,"minecraft:wooden_pickaxe":8,"minecraft:stone_axe":23,"minecraft:dirt":1,"minecraft:crafting_table":1},"minecraft:killed":{"minecraft:sheep":4,"minecraft:pig":3,"minecraft:cow":7},"minecraft:mined":{"minecraft:furnace":1,"minecraft:crafting_table":2,"minecraft:grass":1,"minecraft:grass_block":1,"minecraft:oak_log":5,"minecraft:stone":8,"minecraft:oak_leaves":4},"minecraft:crafted":{"minecraft:oak_planks":5,"minecraft:stick":2,"minecraft:wooden_pickaxe":1,"minecraft:stone_pickaxe":1,"minecraft:stone_axe":1,"minecraft:air":29}},"DataVersion":3465}