{"stats":{"minecraft:used":{"minecraft:bread":12,"mineminenomi:flintlock":5,"mineminenomi:cleaver":3,"minecraft:dirt":1,"minecraft:sweet_berries":3,"minecraft:crafting_table":1,"tombstone:gift":1},"minecraft:killed_by":{"mineminenomi:bandit_grunt":2,"minecraft:spider":1},"minecraft:picked_up":{"minecraft:stick":1,"minecraft:azure_bluet":1,"minecraft:sweet_berries":36,"minecraft:dandelion":1,"tconstruct:materials_and_you":1,"minecraft:oak_log":1,"minecraft:yellow_bed":1,"minecraft:gunpowder":1,"minecraft:string":1,"minecraft:dirt":1,"minecraft:wheat_seeds":1,"minecraft:hay_block":45},"minecraft:crafted":{"minecraft:oak_planks":4,"minecraft:crafting_table":1,"minecraft:bread":135,"minecraft:wheat":405},"minecraft:dropped":{"tconstruct:materials_and_you":1,"tombstone:grave_key":2,"minecraft:string":1},"minecraft:mined":{"minecraft:large_fern":1,"minecraft:hay_block":45,"minecraft:sweet_berry_bush":14,"minecraft:dandelion":1,"minecraft:yellow_bed":1,"minecraft:azure_bluet":1,"minecraft:grass":5,"minecraft:grass_block":1,"minecraft:oak_log":1,"minecraft:white_stained_glass_pane":2,"minecraft:tall_grass":1,"minecraft:oak_leaves":2},"minecraft:killed":{"mineminenomi:pirate_grunt":1,"minecraft:zombie":1},"minecraft:custom":{"minecraft:time_since_rest":1,"minecraft:sprint_one_cm":193452,"minecraft:damage_taken":1325,"minecraft:walk_one_cm":71481,"minecraft:mob_kills":3,"minecraft:drop":4,"minecraft:damage_dealt":67,"minecraft:swim_one_cm":3222,"minecraft:interact_with_crafting_table":2,"minecraft:fly_one_cm":309256,"minecraft:open_chest":11,"minecraft:play_one_minute":41668,"minecraft:crouch_one_cm":466,"tombstone:undead_killed":1,"minecraft:deaths":3,"minecraft:sneak_time":148,"minecraft:walk_under_water_one_cm":546,"minecraft:jump":1276,"minecraft:leave_game":4,"minecraft:time_since_death":811,"minecraft:walk_on_water_one_cm":6186,"minecraft:fall_one_cm":31201}},"DataVersion":2586}