{"stats":{"minecraft:dropped":{"minecraft:bread":6,"minecraft:lime_terracotta":1,"minecraft:feather":2,"minecraft:cobblestone":6,"minecraft:apple":1,"minecraft:fletching_table":1,"minecraft:cracked_stone_bricks":4,"minecraft:gold_block":2,"minecraft:iron_block":1,"minecraft:dirt":10,"minecraft:black_candle":1,"minecraft:torch":8,"minecraft:bone":6,"minecraft:stone_axe":1,"minecraft:green_terracotta":1,"heroes:brain":8,"minecraft:tuff":2,"ars_nouveau:sourceberry_bush":17,"minecraft:mossy_stone_bricks":3,"minecraft:stone_bricks":21,"minecraft:iron_bars":3,"minecraft:arrow":1,"minecraft:blue_orchid":1,"minecraft:stone_pickaxe":1,"minecraft:beef":4},"minecraft:killed":{"minecraft:witch":1,"minecraft:vindicator":1,"minecraft:skeleton":4,"minecraft:pig":4,"minecraft:salmon":3,"minecraft:pillager":3,"minecraft:cow":2},"minecraft:picked_up":{"minecraft:crafting_table":3,"minecraft:gold_block":5,"minecraft:stone_brick_stairs":2,"minecraft:string":4,"minecraft:blue_orchid":1,"minecraft:cracked_stone_bricks":5,"minecraft:beef":4,"minecraft:oak_boat":2,"minecraft:sugar_cane":14,"minecraft:furnace":3,"minecraft:raw_iron":51,"minecraft:porkchop":9,"minecraft:green_terracotta":1,"minecraft:arrow":6,"vinery:white_grape_seeds":2,"minecraft:iron_block":4,"ars_nouveau:sourceberry_bush":37,"minecraft:iron_bars":3,"minecraft:cobblestone":31,"minecraft:stripped_oak_log":2,"heroes:brain":9,"minecraft:feather":2,"minecraft:salmon":3,"minecraft:leather":3,"minecraft:tuff":3,"minecraft:oak_log":10,"farmersdelight:skillet":1,"minecraft:dirt":10,"minecraft:bone":6,"minecraft:apple":1,"minecraft:stone_bricks":24,"minecraft:wheat_seeds":3,"minecraft:stone_pickaxe":1,"minecraft:iron_ingot":2,"minecraft:mossy_stone_bricks":4,"minecraft:fletching_table":1,"minecraft:gray_bed":3,"minecraft:oak_planks":1,"minecraft:acacia_sapling":1,"minecraft:black_candle":1,"minecraft:lime_terracotta":1,"sophisticatedbackpacks:iron_backpack":1,"minecraft:orange_wool":2,"minecraft:stone_axe":1,"minecraft:stripped_dark_oak_log":1,"minecraft:coal":37},"minecraft:custom":{"minecraft:mob_kills":19,"minecraft:interact_with_crafting_table":17,"minecraft:open_barrel":11,"minecraft:eat_cake_slice":12,"minecraft:time_since_death":357,"minecraft:climb_one_cm":4301,"minecraft:sprint_one_cm":354462,"minecraft:walk_one_cm":216096,"minecraft:drop":39,"minecraft:talked_to_villager":2,"minecraft:play_time":129423,"minecraft:deaths":15,"minecraft:sneak_time":6066,"minecraft:walk_under_water_one_cm":19266,"minecraft:boat_one_cm":126157,"minecraft:jump":2990,"minecraft:walk_on_water_one_cm":30220,"minecraft:total_world_time":129423,"minecraft:interact_with_furnace":26,"minecraft:sleep_in_bed":2,"minecraft:time_since_rest":385,"minecraft:waystone_activated":1,"minecraft:damage_taken":5837,"minecraft:damage_dealt":2921,"minecraft:swim_one_cm":98960,"minecraft:fly_one_cm":785708,"minecraft:open_chest":35,"minecraft:crouch_one_cm":17959,"minecraft:fall_one_cm":83696},"minecraft:killed_by":{"minecraft:pillager":1,"eidolon:wraith":1,"minecraft:drowned":1,"minecraft:vindicator":9,"minecraft:zombie":1,"alexsmobs:giant_squid":1},"minecraft:mined":{"minecraft:tuff":3,"minecraft:dark_oak_leaves":1,"minecraft:orange_wool":2,"ars_nouveau:sourceberry_bush":26,"minecraft:furnace":3,"minecraft:iron_ore":2,"minecraft:green_terracotta":1,"minecraft:gold_block":3,"minecraft:deepslate_iron_ore":40,"minecraft:oak_stairs":2,"minecraft:iron_bars":3,"minecraft:stripped_oak_log":2,"minecraft:packed_ice":1,"minecraft:stone":12,"minecraft:iron_block":3,"minecraft:podzol":2,"minecraft:stripped_dark_oak_log":2,"minecraft:crafting_table":3,"minecraft:tall_grass":10,"minecraft:cobblestone":19,"minecraft:deepslate_coal_ore":13,"minecraft:oak_planks":3,"minecraft:sugar_cane":1,"vinery:white_grape_bush":1,"minecraft:coarse_dirt":1,"minecraft:gray_bed":3,"minecraft:stone_brick_stairs":2,"minecraft:grass":16,"minecraft:oak_log":10,"minecraft:lime_terracotta":1,"minecraft:dirt":9,"minecraft:cobweb":5,"minecraft:cracked_stone_bricks":7,"minecraft:stone_bricks":27,"minecraft:mossy_stone_bricks":4,"minecraft:oak_leaves":2,"minecraft:fern":1},"minecraft:used":{"minecraft:iron_sword":45,"minecraft:torch":8,"heroes:brain":1,"minecraft:stone_bricks":3,"minecraft:furnace":3,"ars_nouveau:sourceberry_bush":26,"minecraft:gray_bed":2,"minecraft:cooked_beef":9,"vinery:white_grape_seeds":2,"sophisticatedbackpacks:gold_backpack":1,"minecraft:stone_pickaxe":26,"minecraft:wooden_pickaxe":15,"minecraft:stripped_dark_oak_log":1,"minecraft:crafting_table":4,"minecraft:iron_pickaxe":104,"minecraft:stone_axe":15,"minecraft:cobblestone":9,"minecraft:cooked_porkchop":4,"minecraft:oak_boat":3,"minecraft:cobweb":4},"minecraft:crafted":{"minecraft:oak_planks":48,"minecraft:furnace":1,"minecraft:iron_boots":1,"minecraft:stone_pickaxe":1,"minecraft:chest":1,"minecraft:oak_button":20,"sophisticatedbackpacks:iron_backpack":1,"sophisticatedbackpacks:backpack":1,"minecraft:cooked_porkchop":9,"minecraft:crafting_table":1,"minecraft:wooden_pickaxe":1,"minecraft:iron_helmet":1,"minecraft:iron_sword":1,"sophisticatedbackpacks:gold_backpack":1,"minecraft:stone_axe":1,"minecraft:air":0,"minecraft:oak_boat":1,"minecraft:iron_chestplate":1,"minecraft:stick":12,"minecraft:iron_ingot":29,"minecraft:iron_pickaxe":1,"minecraft:iron_leggings":1,"minecraft:gold_ingot":27,"minecraft:torch":24}},"DataVersion":3465}