{"stats":{"minecraft:dropped":{"ars_nouveau:sourceberry_bush":17,"heroes:brain":1},"minecraft:picked_up":{"heroes:brain":1,"minecraft:crafting_table":1,"minecraft:wheat_seeds":3,"minecraft:oak_log":10,"ars_nouveau:sourceberry_bush":37,"minecraft:cobblestone":15,"minecraft:orange_wool":2},"minecraft:custom":{"minecraft:time_since_rest":11939,"minecraft:waystone_activated":1,"minecraft:crouch_one_cm":458,"minecraft:walk_one_cm":26759,"minecraft:play_time":15423,"minecraft:sprint_one_cm":40491,"minecraft:damage_taken":420,"minecraft:deaths":1,"minecraft:sneak_time":118,"minecraft:drop":2,"minecraft:jump":436,"minecraft:damage_dealt":18,"minecraft:time_since_death":10741,"minecraft:total_world_time":15423,"minecraft:interact_with_crafting_table":2,"minecraft:fall_one_cm":11054,"minecraft:fly_one_cm":89048},"minecraft:killed_by":{"minecraft:zombie":1},"minecraft:mined":{"minecraft:grass":11,"minecraft:oak_log":10,"minecraft:cobblestone":15,"minecraft:tall_grass":4,"ars_nouveau:sourceberry_bush":26,"minecraft:orange_wool":2,"minecraft:oak_leaves":1,"minecraft:crafting_table":1},"minecraft:used":{"minecraft:crafting_table":2,"minecraft:furnace":1,"ars_nouveau:sourceberry_bush":11,"minecraft:wooden_pickaxe":15},"minecraft:crafted":{"minecraft:furnace":1,"minecraft:oak_button":20,"minecraft:oak_planks":40,"minecraft:crafting_table":1,"minecraft:stick":4,"minecraft:stone_pickaxe":1,"minecraft:wooden_pickaxe":1}},"DataVersion":3465}