{"stats":{"minecraft:dropped":{"minecraft:stone_axe":1,"heroes:brain":1,"ars_nouveau:sourceberry_bush":17,"minecraft:beef":4,"minecraft:stone_pickaxe":1},"minecraft:killed":{"minecraft:pig":4,"minecraft:salmon":3,"minecraft:cow":2},"minecraft:picked_up":{"minecraft:stripped_oak_log":2,"heroes:brain":2,"minecraft:crafting_table":3,"minecraft:salmon":3,"minecraft:leather":3,"minecraft:tuff":1,"minecraft:stone_brick_stairs":2,"minecraft:oak_log":10,"farmersdelight:skillet":1,"minecraft:string":4,"minecraft:stone_bricks":3,"minecraft:cracked_stone_bricks":1,"minecraft:wheat_seeds":3,"minecraft:oak_boat":2,"minecraft:iron_ingot":2,"minecraft:beef":4,"minecraft:stone_pickaxe":1,"minecraft:mossy_stone_bricks":1,"minecraft:sugar_cane":2,"minecraft:oak_planks":1,"minecraft:furnace":3,"minecraft:raw_iron":49,"minecraft:porkchop":9,"minecraft:orange_wool":2,"minecraft:stone_axe":1,"vinery:white_grape_seeds":2,"ars_nouveau:sourceberry_bush":37,"minecraft:coal":37,"minecraft:cobblestone":16},"minecraft:custom":{"minecraft:interact_with_furnace":26,"minecraft:mob_kills":9,"minecraft:interact_with_crafting_table":16,"minecraft:open_barrel":9,"minecraft:eat_cake_slice":7,"minecraft:time_since_death":40735,"minecraft:sleep_in_bed":1,"minecraft:climb_one_cm":660,"minecraft:time_since_rest":20772,"minecraft:waystone_activated":1,"minecraft:sprint_one_cm":216155,"minecraft:damage_taken":941,"minecraft:walk_one_cm":116337,"minecraft:drop":5,"minecraft:damage_dealt":816,"minecraft:swim_one_cm":47547,"minecraft:fly_one_cm":428324,"minecraft:open_chest":22,"minecraft:crouch_one_cm":5643,"minecraft:play_time":69423,"minecraft:deaths":2,"minecraft:sneak_time":1891,"minecraft:walk_under_water_one_cm":10012,"minecraft:boat_one_cm":71796,"minecraft:jump":1650,"minecraft:walk_on_water_one_cm":13210,"minecraft:total_world_time":69423,"minecraft:fall_one_cm":43101},"minecraft:killed_by":{"minecraft:zombie":1},"minecraft:mined":{"minecraft:tuff":1,"minecraft:dark_oak_leaves":1,"minecraft:orange_wool":2,"minecraft:crafting_table":3,"minecraft:cobblestone":16,"minecraft:tall_grass":4,"minecraft:deepslate_coal_ore":13,"ars_nouveau:sourceberry_bush":26,"minecraft:oak_planks":3,"vinery:white_grape_bush":1,"minecraft:furnace":3,"minecraft:stone_brick_stairs":2,"minecraft:grass":11,"minecraft:oak_log":10,"minecraft:deepslate_iron_ore":40,"minecraft:oak_stairs":2,"minecraft:stripped_oak_log":2,"minecraft:cobweb":4,"minecraft:cracked_stone_bricks":1,"minecraft:stone_bricks":2,"minecraft:mossy_stone_bricks":1,"minecraft:oak_leaves":1},"minecraft:used":{"minecraft:stone_pickaxe":26,"minecraft:wooden_pickaxe":15,"minecraft:iron_sword":9,"heroes:brain":1,"minecraft:crafting_table":4,"minecraft:iron_pickaxe":38,"minecraft:stone_bricks":3,"minecraft:stone_axe":15,"minecraft:furnace":3,"ars_nouveau:sourceberry_bush":26,"minecraft:oak_boat":3,"minecraft:cooked_beef":3,"vinery:white_grape_seeds":2,"minecraft:cobweb":4},"minecraft:crafted":{"minecraft:oak_planks":48,"sophisticatedbackpacks:backpack":1,"minecraft:cooked_porkchop":9,"minecraft:crafting_table":1,"minecraft:wooden_pickaxe":1,"minecraft:iron_helmet":1,"minecraft:iron_sword":1,"minecraft:furnace":1,"minecraft:stone_axe":1,"minecraft:air":0,"minecraft:oak_boat":1,"minecraft:iron_boots":1,"minecraft:iron_chestplate":1,"minecraft:stick":12,"minecraft:stone_pickaxe":1,"minecraft:iron_ingot":29,"minecraft:iron_pickaxe":1,"minecraft:chest":1,"minecraft:iron_leggings":1,"minecraft:oak_button":20,"sophisticatedbackpacks:iron_backpack":1}},"DataVersion":3465}