{"stats":{"minecraft:picked_up":{"minecraft:oak_log":5},"minecraft:custom":{"minecraft:jump":97,"minecraft:time_since_rest":3423,"minecraft:crouch_one_cm":458,"minecraft:damage_dealt":18,"minecraft:damage_taken":90,"minecraft:sprint_one_cm":8998,"minecraft:play_time":3423,"minecraft:time_since_death":3423,"minecraft:walk_one_cm":7020,"minecraft:sneak_time":118,"minecraft:total_world_time":3423,"minecraft:fall_one_cm":3462,"minecraft:fly_one_cm":22658},"minecraft:mined":{"minecraft:oak_log":5,"minecraft:oak_leaves":1}},"DataVersion":3465}