{"stats":{"minecraft:used":{"minecraft:bread":22,"minecraft:oak_planks":8,"mineminenomi:flintlock":7,"tombstone:grave_key":1,"mineminenomi:cleaver":7,"minecraft:cookie":1,"minecraft:dirt":1,"minecraft:sweet_berries":3,"minecraft:crafting_table":1,"tombstone:gift":1,"minecraft:cake":1},"minecraft:killed_by":{"mineminenomi:pirate_grunt":1,"mineminenomi:bandit_grunt":2,"minecraft:spider":1},"minecraft:picked_up":{"mineminenomi:bullet":4,"minecraft:stick":1,"minecraft:azure_bluet":1,"minecraft:sweet_berries":36,"minecraft:dandelion":1,"tconstruct:materials_and_you":1,"minecraft:oak_log":5,"minecraft:yellow_bed":1,"minecraft:gunpowder":3,"minecraft:green_carpet":2,"minecraft:string":1,"minecraft:dirt":2,"minecraft:arrow":1,"minecraft:rotten_flesh":2,"minecraft:wheat_seeds":1,"minecraft:hay_block":45,"minecraft:oak_sapling":1},"minecraft:crafted":{"minecraft:oak_planks":20,"minecraft:crafting_table":1,"minecraft:bread":135,"minecraft:wheat":405},"minecraft:dropped":{"tconstruct:materials_and_you":1,"tombstone:grave_key":2,"minecraft:green_carpet":2,"minecraft:arrow":1,"minecraft:string":1},"minecraft:mined":{"minecraft:large_fern":1,"minecraft:hay_block":45,"minecraft:sweet_berry_bush":14,"minecraft:birch_leaves":1,"minecraft:dandelion":1,"minecraft:yellow_bed":1,"minecraft:azure_bluet":1,"minecraft:grass":7,"minecraft:grass_block":2,"minecraft:oak_log":5,"minecraft:white_stained_glass_pane":2,"minecraft:tall_grass":1,"minecraft:oak_leaves":8},"minecraft:killed":{"mineminenomi:pirate_grunt":1,"minecraft:zombie":1},"minecraft:custom":{"minecraft:time_since_rest":9001,"minecraft:sprint_one_cm":332114,"minecraft:damage_taken":2225,"minecraft:walk_one_cm":111823,"minecraft:mob_kills":3,"minecraft:drop":6,"minecraft:damage_dealt":281,"minecraft:swim_one_cm":6675,"minecraft:interact_with_crafting_table":2,"minecraft:fly_one_cm":467792,"minecraft:open_chest":21,"minecraft:play_one_minute":68080,"minecraft:crouch_one_cm":795,"tombstone:undead_killed":1,"minecraft:deaths":4,"minecraft:sneak_time":196,"minecraft:walk_under_water_one_cm":1231,"minecraft:jump":1989,"minecraft:eat_cake_slice":7,"minecraft:leave_game":5,"minecraft:time_since_death":9401,"minecraft:walk_on_water_one_cm":8230,"minecraft:sleep_in_bed":2,"minecraft:fall_one_cm":48552}},"DataVersion":2586}