{"stats":{"minecraft:dropped":{"ars_nouveau:sourceberry_bush":17,"heroes:brain":1,"minecraft:stone_pickaxe":1},"minecraft:killed":{"minecraft:pig":4,"minecraft:salmon":3,"minecraft:cow":2},"minecraft:picked_up":{"heroes:brain":2,"minecraft:raw_iron":49,"minecraft:crafting_table":3,"minecraft:salmon":3,"minecraft:leather":3,"minecraft:porkchop":9,"minecraft:tuff":1,"minecraft:oak_log":10,"minecraft:orange_wool":2,"minecraft:wheat_seeds":3,"vinery:white_grape_seeds":2,"minecraft:beef":4,"minecraft:iron_ingot":2,"minecraft:stone_pickaxe":1,"ars_nouveau:sourceberry_bush":37,"minecraft:coal":31,"minecraft:cobblestone":16,"minecraft:furnace":2},"minecraft:custom":{"minecraft:time_since_rest":10857,"minecraft:waystone_activated":1,"minecraft:interact_with_furnace":19,"minecraft:sprint_one_cm":112563,"minecraft:damage_taken":763,"minecraft:walk_one_cm":61502,"minecraft:mob_kills":9,"minecraft:drop":3,"minecraft:damage_dealt":737,"minecraft:swim_one_cm":32595,"minecraft:interact_with_crafting_table":8,"minecraft:fly_one_cm":231154,"minecraft:open_barrel":3,"minecraft:open_chest":3,"minecraft:crouch_one_cm":2549,"minecraft:play_time":39423,"minecraft:deaths":2,"minecraft:sneak_time":941,"minecraft:walk_under_water_one_cm":7665,"minecraft:jump":1139,"minecraft:walk_on_water_one_cm":9055,"minecraft:time_since_death":10735,"minecraft:total_world_time":39423,"minecraft:fall_one_cm":35920},"minecraft:killed_by":{"minecraft:zombie":1},"minecraft:mined":{"minecraft:tuff":1,"minecraft:furnace":2,"minecraft:orange_wool":2,"minecraft:crafting_table":3,"minecraft:grass":11,"minecraft:oak_log":10,"minecraft:deepslate_iron_ore":40,"minecraft:oak_stairs":2,"minecraft:tall_grass":4,"minecraft:cobblestone":16,"minecraft:deepslate_coal_ore":13,"ars_nouveau:sourceberry_bush":26,"minecraft:oak_planks":2,"minecraft:oak_leaves":1,"vinery:white_grape_bush":1},"minecraft:used":{"minecraft:stone_pickaxe":26,"minecraft:iron_pickaxe":31,"minecraft:wooden_pickaxe":15,"minecraft:iron_sword":4,"minecraft:stone_axe":11,"heroes:brain":1,"minecraft:crafting_table":3,"minecraft:furnace":2,"ars_nouveau:sourceberry_bush":26,"vinery:white_grape_seeds":2},"minecraft:crafted":{"minecraft:oak_planks":40,"minecraft:iron_boots":1,"minecraft:iron_chestplate":1,"minecraft:crafting_table":1,"minecraft:stick":12,"minecraft:iron_helmet":1,"minecraft:iron_pickaxe":1,"minecraft:iron_ingot":29,"minecraft:wooden_pickaxe":1,"minecraft:stone_pickaxe":1,"minecraft:iron_sword":1,"minecraft:iron_leggings":1,"minecraft:furnace":1,"minecraft:oak_button":20,"minecraft:stone_axe":1,"minecraft:air":0}},"DataVersion":3465}