{"stats":{"minecraft:used":{"minecraft:dirt":1,"minecraft:sweet_berries":3,"tombstone:gift":1,"mineminenomi:flintlock":1},"minecraft:picked_up":{"minecraft:sweet_berries":36,"tconstruct:materials_and_you":1,"minecraft:gunpowder":1,"minecraft:string":1,"minecraft:dirt":1},"minecraft:killed_by":{"mineminenomi:bandit_grunt":1,"minecraft:spider":1},"minecraft:dropped":{"tconstruct:materials_and_you":1,"tombstone:grave_key":2,"minecraft:string":1},"minecraft:mined":{"minecraft:large_fern":1,"minecraft:grass_block":1,"minecraft:sweet_berry_bush":14},"minecraft:custom":{"minecraft:time_since_rest":2145,"minecraft:open_chest":10,"minecraft:crouch_one_cm":466,"minecraft:play_one_minute":20768,"minecraft:sprint_one_cm":122645,"minecraft:walk_one_cm":30225,"minecraft:damage_taken":500,"minecraft:deaths":2,"minecraft:sneak_time":138,"minecraft:walk_under_water_one_cm":491,"minecraft:drop":4,"minecraft:jump":725,"minecraft:leave_game":2,"minecraft:time_since_death":4544,"minecraft:walk_on_water_one_cm":4816,"minecraft:swim_one_cm":2266,"minecraft:fall_one_cm":15918,"minecraft:fly_one_cm":170094}},"DataVersion":2586}