{"stats":{"minecraft:dropped":{"minecraft:stone_axe":1,"heroes:brain":1,"ars_nouveau:sourceberry_bush":17,"minecraft:stone_pickaxe":1},"minecraft:killed":{"minecraft:pig":4,"minecraft:salmon":3,"minecraft:cow":2},"minecraft:picked_up":{"heroes:brain":2,"minecraft:crafting_table":3,"minecraft:salmon":3,"minecraft:leather":3,"minecraft:tuff":1,"minecraft:stone_brick_stairs":2,"minecraft:oak_log":10,"minecraft:wheat_seeds":3,"minecraft:iron_ingot":2,"minecraft:beef":4,"minecraft:stone_pickaxe":1,"minecraft:sugar_cane":2,"minecraft:furnace":2,"minecraft:raw_iron":49,"minecraft:porkchop":9,"minecraft:orange_wool":2,"minecraft:stone_axe":1,"vinery:white_grape_seeds":2,"ars_nouveau:sourceberry_bush":37,"minecraft:coal":31,"minecraft:cobblestone":16},"minecraft:custom":{"minecraft:interact_with_furnace":19,"minecraft:mob_kills":9,"minecraft:interact_with_crafting_table":9,"minecraft:open_barrel":9,"minecraft:eat_cake_slice":7,"minecraft:time_since_death":16735,"minecraft:climb_one_cm":236,"minecraft:time_since_rest":16857,"minecraft:waystone_activated":1,"minecraft:sprint_one_cm":140439,"minecraft:damage_taken":763,"minecraft:walk_one_cm":75689,"minecraft:drop":4,"minecraft:damage_dealt":737,"minecraft:swim_one_cm":32595,"minecraft:fly_one_cm":255966,"minecraft:open_chest":13,"minecraft:crouch_one_cm":2856,"minecraft:play_time":45423,"minecraft:deaths":2,"minecraft:sneak_time":1024,"minecraft:walk_under_water_one_cm":7665,"minecraft:jump":1231,"minecraft:walk_on_water_one_cm":9055,"minecraft:total_world_time":45423,"minecraft:fall_one_cm":38337},"minecraft:killed_by":{"minecraft:zombie":1},"minecraft:mined":{"minecraft:tuff":1,"minecraft:dark_oak_leaves":1,"minecraft:orange_wool":2,"minecraft:crafting_table":3,"minecraft:cobblestone":16,"minecraft:tall_grass":4,"minecraft:deepslate_coal_ore":13,"ars_nouveau:sourceberry_bush":26,"minecraft:oak_planks":2,"vinery:white_grape_bush":1,"minecraft:furnace":2,"minecraft:stone_brick_stairs":2,"minecraft:grass":11,"minecraft:oak_log":10,"minecraft:deepslate_iron_ore":40,"minecraft:oak_stairs":2,"minecraft:oak_leaves":1},"minecraft:used":{"minecraft:stone_pickaxe":26,"minecraft:wooden_pickaxe":15,"minecraft:iron_sword":4,"heroes:brain":1,"minecraft:crafting_table":4,"minecraft:iron_pickaxe":33,"minecraft:stone_axe":12,"minecraft:furnace":2,"ars_nouveau:sourceberry_bush":26,"vinery:white_grape_seeds":2},"minecraft:crafted":{"minecraft:oak_planks":40,"minecraft:crafting_table":1,"minecraft:wooden_pickaxe":1,"minecraft:iron_helmet":1,"minecraft:iron_sword":1,"minecraft:furnace":1,"minecraft:stone_axe":1,"minecraft:air":0,"minecraft:iron_boots":1,"minecraft:iron_chestplate":1,"minecraft:stick":12,"minecraft:stone_pickaxe":1,"minecraft:iron_ingot":29,"minecraft:iron_pickaxe":1,"minecraft:iron_leggings":1,"minecraft:oak_button":20}},"DataVersion":3465}