{"stats":{"minecraft:dropped":{"minecraft:iron_ingot":10,"minecraft:bread":134,"minecraft:stripped_spruce_log":2,"minecraft:wheat_seeds":4,"minecraft:cooked_beef":2,"minecraft:lime_terracotta":1,"minecraft:feather":4,"minecraft:cobblestone":108,"minecraft:apple":1,"minecraft:fletching_table":1,"minecraft:cracked_stone_bricks":5,"minecraft:emerald":1,"minecraft:gold_block":2,"minecraft:oxeye_daisy":1,"minecraft:iron_block":1,"minecraft:dirt":21,"minecraft:black_candle":1,"minecraft:torch":8,"minecraft:dandelion":1,"minecraft:bone":6,"minecraft:stone_axe":1,"minecraft:sweet_berries":6,"minecraft:green_terracotta":1,"minecraft:bowl":1,"heroes:brain":8,"minecraft:tuff":2,"minecraft:raw_iron":4,"minecraft:rotten_flesh":2,"minecraft:azure_bluet":1,"minecraft:suspicious_stew":1,"ars_nouveau:sourceberry_bush":19,"minecraft:hay_block":20,"electrodynamics:oremolybdenum":1,"minecraft:andesite":104,"minecraft:mossy_stone_bricks":4,"minecraft:stone_bricks":21,"relics:arrow_quiver":1,"minecraft:iron_bars":3,"minecraft:blue_orchid":1,"minecraft:arrow":1,"minecraft:stone_pickaxe":1,"minecraft:beef":4,"minecraft:egg":1},"minecraft:killed":{"minecraft:witch":1,"minecraft:vindicator":1,"minecraft:skeleton":4,"minecraft:pig":4,"minecraft:salmon":3,"minecraft:pillager":3,"minecraft:zombie":2,"minecraft:cow":4},"minecraft:picked_up":{"sophisticatedbackpacks:gold_backpack":1,"minecraft:crafting_table":4,"minecraft:azure_bluet":1,"minecraft:gold_block":5,"minecraft:stone_brick_stairs":2,"minecraft:string":4,"minecraft:blue_orchid":1,"minecraft:cracked_stone_bricks":5,"minecraft:beef":10,"minecraft:oak_boat":2,"electrodynamics:oremolybdenum":1,"minecraft:sugar_cane":14,"minecraft:egg":1,"minecraft:furnace":4,"minecraft:raw_iron":57,"minecraft:torch":2,"electrodynamics:raworethorium":1,"minecraft:porkchop":11,"minecraft:green_terracotta":1,"minecraft:arrow":6,"minecraft:rotten_flesh":2,"relics:arrow_quiver":1,"vinery:white_grape_seeds":2,"minecraft:hay_block":83,"minecraft:iron_block":4,"ars_nouveau:sourceberry_bush":39,"minecraft:iron_bars":3,"minecraft:oxeye_daisy":1,"minecraft:cobblestone":145,"minecraft:stripped_oak_log":2,"heroes:brain":9,"minecraft:cooked_beef":2,"minecraft:feather":2,"minecraft:andesite":104,"minecraft:salmon":3,"minecraft:leather":3,"minecraft:tuff":3,"minecraft:oak_log":11,"minecraft:yellow_bed":4,"farmersdelight:skillet":1,"minecraft:dirt":25,"minecraft:bone":6,"minecraft:apple":1,"minecraft:stone_bricks":24,"minecraft:wheat_seeds":7,"minecraft:stone_pickaxe":1,"minecraft:iron_ingot":2,"minecraft:mossy_stone_bricks":4,"minecraft:fletching_table":1,"minecraft:gray_bed":3,"minecraft:acacia_sapling":1,"minecraft:oak_planks":1,"minecraft:black_candle":1,"minecraft:cooked_porkchop":4,"minecraft:dandelion":1,"minecraft:lime_terracotta":1,"minecraft:amethyst_shard":4,"minecraft:stripped_spruce_log":2,"sophisticatedbackpacks:iron_backpack":1,"palladium:raw_lead":1,"minecraft:orange_wool":2,"minecraft:stone_axe":1,"minecraft:emerald":1,"minecraft:stripped_dark_oak_log":1,"minecraft:coal":54},"minecraft:custom":{"minecraft:mob_kills":23,"minecraft:interact_with_crafting_table":19,"minecraft:open_barrel":23,"minecraft:bell_ring":1,"minecraft:eat_cake_slice":12,"minecraft:leave_game":1,"minecraft:time_since_death":95491,"minecraft:climb_one_cm":4301,"minecraft:sprint_one_cm":602934,"minecraft:walk_one_cm":345852,"minecraft:drop":74,"minecraft:talked_to_villager":3,"minecraft:play_time":224557,"minecraft:deaths":15,"minecraft:sneak_time":7523,"minecraft:walk_under_water_one_cm":23600,"minecraft:boat_one_cm":261741,"minecraft:jump":5620,"minecraft:walk_on_water_one_cm":36719,"minecraft:total_world_time":224557,"minecraft:interact_with_furnace":29,"minecraft:sleep_in_bed":5,"minecraft:time_since_rest":20289,"minecraft:waystone_activated":4,"minecraft:damage_taken":7286,"minecraft:damage_dealt":3502,"minecraft:swim_one_cm":122821,"minecraft:fly_one_cm":1368375,"minecraft:open_chest":41,"minecraft:crouch_one_cm":22222,"minecraft:fall_one_cm":182192},"minecraft:killed_by":{"minecraft:pillager":1,"eidolon:wraith":1,"minecraft:drowned":1,"minecraft:vindicator":9,"minecraft:zombie":1,"alexsmobs:giant_squid":1},"minecraft:broken":{"minecraft:iron_pickaxe":1},"minecraft:mined":{"minecraft:tuff":3,"minecraft:dark_oak_leaves":1,"electrodynamics:oremolybdenum":1,"minecraft:orange_wool":2,"minecraft:grass_block":7,"palladium:lead_ore":1,"ars_nouveau:sourceberry_bush":27,"minecraft:hay_block":85,"minecraft:furnace":4,"minecraft:fire":10,"minecraft:iron_ore":4,"minecraft:green_terracotta":1,"minecraft:andesite":108,"minecraft:stripped_spruce_log":2,"minecraft:gold_block":3,"minecraft:deepslate_iron_ore":44,"minecraft:small_amethyst_bud":1,"minecraft:oak_stairs":2,"minecraft:iron_bars":3,"minecraft:stripped_oak_log":2,"minecraft:packed_ice":1,"minecraft:stone":122,"minecraft:iron_block":3,"minecraft:podzol":2,"minecraft:amethyst_cluster":1,"minecraft:stripped_dark_oak_log":2,"minecraft:dandelion":1,"minecraft:crafting_table":4,"minecraft:torch":1,"minecraft:emerald_ore":1,"minecraft:tall_grass":17,"minecraft:cobblestone":23,"minecraft:deepslate_coal_ore":13,"minecraft:sugar_cane":1,"minecraft:oak_planks":3,"minecraft:wall_torch":1,"vinery:white_grape_bush":1,"minecraft:coarse_dirt":1,"minecraft:gray_bed":3,"electrodynamics:orethorium":1,"minecraft:yellow_bed":4,"minecraft:stone_brick_stairs":2,"minecraft:grass":30,"minecraft:oak_log":11,"minecraft:lime_terracotta":1,"minecraft:dirt":19,"minecraft:cobweb":5,"minecraft:cracked_stone_bricks":7,"minecraft:stone_bricks":27,"minecraft:mossy_stone_bricks":4,"minecraft:oak_leaves":5,"minecraft:fern":1},"minecraft:used":{"minecraft:iron_sword":45,"minecraft:torch":67,"heroes:brain":1,"minecraft:dirt":4,"minecraft:stone_bricks":3,"ars_nouveau:sourceberry_bush":30,"minecraft:furnace":4,"minecraft:gray_bed":2,"minecraft:cooked_beef":9,"vinery:white_grape_seeds":2,"sophisticatedbackpacks:gold_backpack":1,"minecraft:stone_pickaxe":26,"minecraft:wooden_pickaxe":15,"farmersdelight:onion":16,"minecraft:stripped_dark_oak_log":1,"minecraft:crafting_table":5,"minecraft:mushroom_stew":1,"minecraft:diamond_pickaxe":172,"minecraft:bread":8,"minecraft:suspicious_stew":1,"minecraft:iron_pickaxe":169,"minecraft:stone_axe":41,"minecraft:cobblestone":21,"minecraft:cooked_porkchop":8,"minecraft:yellow_bed":3,"minecraft:oak_boat":3,"minecraft:cobweb":4},"minecraft:crafted":{"minecraft:oak_planks":52,"minecraft:furnace":1,"minecraft:iron_boots":1,"minecraft:stone_pickaxe":1,"minecraft:chest":1,"minecraft:oak_button":20,"minecraft:wheat":567,"sophisticatedbackpacks:iron_backpack":1,"sophisticatedbackpacks:backpack":1,"minecraft:cooked_porkchop":9,"minecraft:crafting_table":2,"minecraft:wooden_pickaxe":1,"minecraft:iron_helmet":1,"minecraft:iron_sword":1,"sophisticatedbackpacks:gold_backpack":1,"minecraft:stone_axe":1,"minecraft:bread":189,"minecraft:air":0,"minecraft:oak_boat":1,"minecraft:iron_chestplate":1,"minecraft:stick":12,"minecraft:iron_ingot":29,"minecraft:iron_pickaxe":1,"minecraft:gold_ingot":27,"minecraft:iron_leggings":1,"minecraft:torch":24}},"DataVersion":3465}