{"stats":{"minecraft:picked_up":{"minecraft:sweet_berries":36,"tconstruct:materials_and_you":1},"minecraft:dropped":{"tconstruct:materials_and_you":1},"minecraft:mined":{"minecraft:sweet_berry_bush":14},"minecraft:custom":{"minecraft:jump":178,"minecraft:time_since_rest":8768,"minecraft:play_one_minute":8768,"minecraft:crouch_one_cm":266,"minecraft:walk_on_water_one_cm":161,"minecraft:leave_game":2,"minecraft:sprint_one_cm":23391,"minecraft:damage_taken":80,"minecraft:time_since_death":8768,"minecraft:walk_one_cm":14308,"minecraft:sneak_time":88,"minecraft:walk_under_water_one_cm":163,"minecraft:swim_one_cm":582,"minecraft:fall_one_cm":5718,"minecraft:drop":1,"minecraft:fly_one_cm":29733}},"DataVersion":2586}