{"stats":{"minecraft:dropped":{"ars_nouveau:sourceberry_bush":17,"heroes:brain":1,"minecraft:stone_pickaxe":1},"minecraft:picked_up":{"heroes:brain":1,"minecraft:raw_iron":40,"minecraft:crafting_table":2,"minecraft:tuff":1,"minecraft:oak_log":10,"minecraft:orange_wool":2,"minecraft:wheat_seeds":3,"minecraft:stone_pickaxe":1,"ars_nouveau:sourceberry_bush":37,"minecraft:coal":23,"minecraft:cobblestone":16,"minecraft:furnace":1},"minecraft:custom":{"minecraft:time_since_rest":23939,"minecraft:waystone_activated":1,"minecraft:interact_with_furnace":18,"minecraft:sprint_one_cm":62853,"minecraft:damage_taken":563,"minecraft:walk_one_cm":47049,"minecraft:drop":3,"minecraft:damage_dealt":18,"minecraft:interact_with_crafting_table":7,"minecraft:fly_one_cm":132415,"minecraft:crouch_one_cm":1248,"minecraft:play_time":27423,"minecraft:deaths":1,"minecraft:sneak_time":522,"minecraft:jump":683,"minecraft:time_since_death":22741,"minecraft:total_world_time":27423,"minecraft:fall_one_cm":18179},"minecraft:killed_by":{"minecraft:zombie":1},"minecraft:mined":{"minecraft:tuff":1,"minecraft:furnace":1,"minecraft:orange_wool":2,"minecraft:crafting_table":2,"minecraft:grass":11,"minecraft:oak_log":10,"minecraft:deepslate_iron_ore":40,"minecraft:tall_grass":4,"minecraft:cobblestone":16,"minecraft:deepslate_coal_ore":13,"ars_nouveau:sourceberry_bush":26,"minecraft:oak_leaves":1},"minecraft:used":{"minecraft:stone_pickaxe":26,"minecraft:iron_pickaxe":30,"minecraft:wooden_pickaxe":15,"minecraft:crafting_table":3,"minecraft:furnace":2,"ars_nouveau:sourceberry_bush":26},"minecraft:crafted":{"minecraft:oak_planks":40,"minecraft:iron_boots":1,"minecraft:iron_chestplate":1,"minecraft:crafting_table":1,"minecraft:stick":8,"minecraft:iron_pickaxe":1,"minecraft:iron_ingot":29,"minecraft:wooden_pickaxe":1,"minecraft:stone_pickaxe":1,"minecraft:iron_sword":1,"minecraft:iron_leggings":1,"minecraft:furnace":1,"minecraft:oak_button":20,"minecraft:air":0}},"DataVersion":3465}