{"stats":{"minecraft:used":{"minecraft:bread":19,"mineminenomi:flintlock":5,"mineminenomi:cleaver":6,"minecraft:dirt":1,"minecraft:sweet_berries":3,"minecraft:crafting_table":1,"tombstone:gift":1},"minecraft:killed_by":{"mineminenomi:bandit_grunt":2,"minecraft:spider":1},"minecraft:picked_up":{"minecraft:stick":1,"minecraft:azure_bluet":1,"minecraft:sweet_berries":36,"minecraft:dandelion":1,"tconstruct:materials_and_you":1,"minecraft:oak_log":1,"minecraft:yellow_bed":1,"minecraft:gunpowder":1,"minecraft:string":1,"minecraft:dirt":2,"minecraft:rotten_flesh":2,"minecraft:wheat_seeds":1,"minecraft:hay_block":45},"minecraft:crafted":{"minecraft:oak_planks":4,"minecraft:crafting_table":1,"minecraft:bread":135,"minecraft:wheat":405},"minecraft:dropped":{"tconstruct:materials_and_you":1,"tombstone:grave_key":2,"minecraft:string":1},"minecraft:mined":{"minecraft:large_fern":1,"minecraft:hay_block":45,"minecraft:sweet_berry_bush":14,"minecraft:birch_leaves":1,"minecraft:dandelion":1,"minecraft:yellow_bed":1,"minecraft:azure_bluet":1,"minecraft:grass":5,"minecraft:grass_block":2,"minecraft:oak_log":1,"minecraft:white_stained_glass_pane":2,"minecraft:tall_grass":1,"minecraft:oak_leaves":2},"minecraft:killed":{"mineminenomi:pirate_grunt":1,"minecraft:zombie":1},"minecraft:custom":{"minecraft:time_since_rest":3497,"minecraft:sprint_one_cm":256665,"minecraft:damage_taken":1645,"minecraft:walk_one_cm":87775,"minecraft:mob_kills":3,"minecraft:drop":4,"minecraft:damage_dealt":256,"minecraft:swim_one_cm":4633,"minecraft:interact_with_crafting_table":2,"minecraft:fly_one_cm":426976,"minecraft:open_chest":12,"minecraft:play_one_minute":53668,"minecraft:crouch_one_cm":466,"tombstone:undead_killed":1,"minecraft:deaths":3,"minecraft:sneak_time":148,"minecraft:walk_under_water_one_cm":650,"minecraft:jump":1739,"minecraft:leave_game":4,"minecraft:time_since_death":12811,"minecraft:walk_on_water_one_cm":7268,"minecraft:sleep_in_bed":2,"minecraft:fall_one_cm":44210}},"DataVersion":2586}