{"stats":{"minecraft:dropped":{"minecraft:bread":6,"minecraft:stone_axe":1,"heroes:brain":1,"ars_nouveau:sourceberry_bush":17,"minecraft:dirt":1,"minecraft:beef":4,"minecraft:stone_pickaxe":1},"minecraft:killed":{"minecraft:pig":4,"minecraft:witch":1,"minecraft:salmon":3,"minecraft:skeleton":2,"minecraft:cow":2},"minecraft:picked_up":{"minecraft:stripped_oak_log":2,"heroes:brain":2,"minecraft:crafting_table":3,"minecraft:salmon":3,"minecraft:leather":3,"minecraft:gold_block":2,"minecraft:tuff":1,"minecraft:stone_brick_stairs":2,"minecraft:oak_log":10,"farmersdelight:skillet":1,"minecraft:dirt":10,"minecraft:string":4,"minecraft:bone":4,"minecraft:stone_bricks":22,"minecraft:cracked_stone_bricks":4,"minecraft:wheat_seeds":3,"minecraft:oak_boat":2,"minecraft:iron_ingot":2,"minecraft:beef":4,"minecraft:stone_pickaxe":1,"minecraft:mossy_stone_bricks":3,"minecraft:sugar_cane":2,"minecraft:oak_planks":1,"minecraft:furnace":3,"minecraft:raw_iron":49,"minecraft:porkchop":9,"sophisticatedbackpacks:iron_backpack":1,"minecraft:orange_wool":2,"minecraft:arrow":5,"minecraft:stone_axe":1,"vinery:white_grape_seeds":2,"minecraft:iron_block":2,"ars_nouveau:sourceberry_bush":37,"minecraft:iron_bars":2,"minecraft:stripped_dark_oak_log":1,"minecraft:coal":37,"minecraft:cobblestone":31},"minecraft:custom":{"minecraft:interact_with_furnace":26,"minecraft:mob_kills":13,"minecraft:interact_with_crafting_table":16,"minecraft:open_barrel":9,"minecraft:eat_cake_slice":7,"minecraft:time_since_death":18458,"minecraft:sleep_in_bed":1,"minecraft:climb_one_cm":3395,"minecraft:time_since_rest":18499,"minecraft:waystone_activated":1,"minecraft:sprint_one_cm":254136,"minecraft:damage_taken":1535,"minecraft:walk_one_cm":148084,"minecraft:drop":7,"minecraft:damage_dealt":1523,"minecraft:talked_to_villager":1,"minecraft:swim_one_cm":73109,"minecraft:fly_one_cm":546595,"minecraft:open_chest":26,"minecraft:crouch_one_cm":16464,"minecraft:play_time":93423,"minecraft:deaths":3,"minecraft:sneak_time":5542,"minecraft:walk_under_water_one_cm":11276,"minecraft:boat_one_cm":126157,"minecraft:jump":2081,"minecraft:walk_on_water_one_cm":18854,"minecraft:total_world_time":93423,"minecraft:fall_one_cm":54651},"minecraft:killed_by":{"minecraft:zombie":1,"eidolon:wraith":1},"minecraft:mined":{"minecraft:podzol":2,"minecraft:tuff":1,"minecraft:dark_oak_leaves":1,"minecraft:stripped_dark_oak_log":2,"minecraft:orange_wool":2,"minecraft:crafting_table":3,"minecraft:cobblestone":19,"minecraft:tall_grass":4,"minecraft:deepslate_coal_ore":13,"ars_nouveau:sourceberry_bush":26,"minecraft:oak_planks":3,"vinery:white_grape_bush":1,"minecraft:coarse_dirt":1,"minecraft:furnace":3,"minecraft:gold_block":2,"minecraft:stone_brick_stairs":2,"minecraft:grass":11,"minecraft:oak_log":10,"minecraft:deepslate_iron_ore":40,"minecraft:oak_stairs":2,"minecraft:iron_bars":2,"minecraft:dirt":9,"minecraft:packed_ice":1,"minecraft:stripped_oak_log":2,"minecraft:cobweb":5,"minecraft:cracked_stone_bricks":6,"minecraft:stone":12,"minecraft:stone_bricks":25,"minecraft:iron_block":2,"minecraft:mossy_stone_bricks":3,"minecraft:oak_leaves":1},"minecraft:used":{"minecraft:stone_pickaxe":26,"minecraft:wooden_pickaxe":15,"minecraft:iron_sword":25,"minecraft:torch":7,"heroes:brain":1,"minecraft:stripped_dark_oak_log":1,"minecraft:crafting_table":4,"minecraft:iron_pickaxe":90,"minecraft:stone_bricks":3,"minecraft:stone_axe":15,"minecraft:cobblestone":9,"minecraft:furnace":3,"ars_nouveau:sourceberry_bush":26,"minecraft:oak_boat":3,"minecraft:cooked_beef":7,"vinery:white_grape_seeds":2,"minecraft:cobweb":4},"minecraft:crafted":{"minecraft:oak_planks":48,"sophisticatedbackpacks:backpack":1,"minecraft:cooked_porkchop":9,"minecraft:crafting_table":1,"minecraft:wooden_pickaxe":1,"minecraft:iron_helmet":1,"minecraft:iron_sword":1,"minecraft:furnace":1,"minecraft:stone_axe":1,"minecraft:air":0,"minecraft:oak_boat":1,"minecraft:iron_boots":1,"minecraft:iron_chestplate":1,"minecraft:stick":12,"minecraft:stone_pickaxe":1,"minecraft:iron_ingot":29,"minecraft:iron_pickaxe":1,"minecraft:chest":1,"minecraft:iron_leggings":1,"minecraft:oak_button":20,"minecraft:torch":8,"sophisticatedbackpacks:iron_backpack":1}},"DataVersion":3465}