{"stats":{"minecraft:dropped":{"minecraft:wheat_seeds":6,"minecraft:chicken":1,"minecraft:rotten_flesh":4,"minecraft:azure_bluet":1,"minecraft:oxeye_daisy":1,"minecraft:dirt":248,"minecraft:cornflower":2,"minecraft:oak_sapling":1,"minecraft:stone_pickaxe":1,"minecraft:dandelion":14},"minecraft:picked_up":{"minecraft:charcoal":2,"minecraft:crafting_table":3,"minecraft:azure_bluet":1,"minecraft:chicken":1,"minecraft:leather":8,"minecraft:flint":2,"minecraft:oak_log":125,"minecraft:cornflower":2,"minecraft:dirt":319,"minecraft:apple":1,"minecraft:wheat_seeds":15,"minecraft:stone_pickaxe":1,"minecraft:beef":14,"minecraft:oak_boat":1,"minecraft:fletching_table":1,"minecraft:oak_planks":13,"minecraft:egg":2,"minecraft:furnace":1,"minecraft:stick":2,"minecraft:oak_door":4,"minecraft:pumpkin":5,"minecraft:oak_fence":1,"minecraft:torch":2,"minecraft:dandelion":14,"minecraft:gravel":25,"minecraft:porkchop":3,"artifacts:everlasting_beef":1,"minecraft:purple_bed":1,"minecraft:rotten_flesh":4,"minecraft:oak_sapling":4,"minecraft:mutton":6,"minecraft:coal":13,"minecraft:cobblestone":117,"minecraft:white_wool":4,"minecraft:oxeye_daisy":1},"minecraft:custom":{"minecraft:interact_with_furnace":6,"minecraft:mob_kills":13,"minecraft:traded_with_villager":11,"minecraft:interact_with_crafting_table":24,"minecraft:leave_game":1,"minecraft:time_since_death":53404,"minecraft:sleep_in_bed":2,"minecraft:time_since_rest":7288,"minecraft:sprint_one_cm":199936,"minecraft:damage_taken":116,"minecraft:walk_one_cm":192698,"minecraft:drop":18,"minecraft:damage_dealt":1089,"minecraft:swim_one_cm":6598,"minecraft:talked_to_villager":12,"minecraft:fly_one_cm":329646,"minecraft:open_chest":4,"minecraft:crouch_one_cm":7049,"minecraft:play_time":53404,"minecraft:sneak_time":1660,"minecraft:walk_under_water_one_cm":898,"minecraft:boat_one_cm":15951,"minecraft:jump":1366,"minecraft:walk_on_water_one_cm":601,"minecraft:total_world_time":53404,"minecraft:fall_one_cm":47256,"minecraft:horse_one_cm":7894},"minecraft:broken":{"minecraft:stone_axe":1,"minecraft:stone_shovel":1},"minecraft:used":{"minecraft:oak_fence":1,"minecraft:stone_pickaxe":128,"minecraft:stone_shovel":245,"minecraft:oak_planks":209,"minecraft:chest":2,"minecraft:wooden_pickaxe":19,"artifacts:eternal_steak":6,"minecraft:fletching_table":2,"minecraft:oak_door":7,"minecraft:torch":2,"minecraft:dirt":40,"minecraft:oak_slab":2,"minecraft:crafting_table":5,"minecraft:gravel":25,"minecraft:stone_axe":187,"minecraft:cobblestone":76,"minecraft:purple_bed":1,"minecraft:oak_sapling":3,"minecraft:furnace":2,"minecraft:oak_boat":1},"minecraft:killed":{"minecraft:pig":1,"minecraft:sheep":4,"minecraft:zombie":1,"minecraft:chicken":1,"minecraft:cow":6},"minecraft:mined":{"minecraft:oak_door":4,"minecraft:dandelion":1,"minecraft:oak_fence":1,"minecraft:crafting_table":3,"minecraft:torch":2,"minecraft:grass_block":283,"minecraft:tall_grass":1,"minecraft:cobblestone":5,"minecraft:oak_planks":14,"minecraft:large_fern":1,"minecraft:purple_bed":1,"minecraft:furnace":1,"minecraft:birch_leaves":3,"minecraft:pumpkin":6,"minecraft:fletching_table":1,"minecraft:grass":41,"minecraft:oak_log":128,"minecraft:coal_ore":15,"minecraft:gravel":27,"minecraft:dirt":39,"minecraft:stone":112,"minecraft:oak_leaves":30},"minecraft:crafted":{"artifacts:eternal_steak":1,"minecraft:oak_door":2,"minecraft:oak_slab":1,"minecraft:oak_planks":118,"minecraft:stone_shovel":2,"minecraft:emerald":11,"minecraft:crafting_table":2,"minecraft:wooden_pickaxe":1,"minecraft:furnace":1,"minecraft:fletching_table":1,"minecraft:stone_axe":2,"minecraft:air":888,"minecraft:oak_boat":1,"minecraft:charcoal":3,"minecraft:stick":101,"minecraft:stone_pickaxe":2,"minecraft:wooden_axe":1,"minecraft:chest":2,"minecraft:white_bed":1}},"DataVersion":3465}