{"stats":{"minecraft:dropped":{"minecraft:wheat_seeds":6,"minecraft:chicken":1,"minecraft:rotten_flesh":4,"minecraft:azure_bluet":1,"minecraft:oxeye_daisy":1,"minecraft:dirt":248,"minecraft:cornflower":2,"minecraft:oak_sapling":1,"minecraft:dandelion":14},"minecraft:picked_up":{"minecraft:charcoal":2,"minecraft:crafting_table":3,"minecraft:azure_bluet":1,"minecraft:chicken":1,"minecraft:leather":8,"minecraft:flint":2,"minecraft:oak_log":73,"minecraft:cornflower":2,"minecraft:dirt":290,"minecraft:wheat_seeds":13,"minecraft:beef":14,"minecraft:oak_planks":13,"minecraft:furnace":1,"minecraft:stick":2,"minecraft:oak_door":1,"minecraft:pumpkin":5,"minecraft:oak_fence":1,"minecraft:torch":2,"minecraft:dandelion":14,"minecraft:gravel":25,"minecraft:porkchop":3,"artifacts:everlasting_beef":1,"minecraft:purple_bed":1,"minecraft:rotten_flesh":4,"minecraft:oak_sapling":2,"minecraft:mutton":6,"minecraft:coal":13,"minecraft:cobblestone":76,"minecraft:white_wool":4,"minecraft:oxeye_daisy":1},"minecraft:custom":{"minecraft:interact_with_furnace":6,"minecraft:mob_kills":13,"minecraft:interact_with_crafting_table":15,"minecraft:leave_game":1,"minecraft:time_since_death":41404,"minecraft:sleep_in_bed":1,"minecraft:time_since_rest":23520,"minecraft:sprint_one_cm":150972,"minecraft:damage_taken":96,"minecraft:walk_one_cm":158091,"minecraft:drop":17,"minecraft:damage_dealt":1089,"minecraft:swim_one_cm":6598,"minecraft:talked_to_villager":5,"minecraft:fly_one_cm":202158,"minecraft:open_chest":2,"minecraft:crouch_one_cm":5863,"minecraft:play_time":41404,"minecraft:sneak_time":1389,"minecraft:walk_under_water_one_cm":898,"minecraft:boat_one_cm":10512,"minecraft:jump":893,"minecraft:walk_on_water_one_cm":601,"minecraft:total_world_time":41404,"minecraft:fall_one_cm":28992,"minecraft:horse_one_cm":7894},"minecraft:broken":{"minecraft:stone_axe":1,"minecraft:stone_shovel":1},"minecraft:used":{"minecraft:oak_fence":1,"minecraft:stone_pickaxe":85,"minecraft:stone_shovel":245,"minecraft:oak_planks":209,"minecraft:chest":2,"minecraft:wooden_pickaxe":19,"artifacts:eternal_steak":4,"minecraft:oak_door":4,"minecraft:dirt":22,"minecraft:crafting_table":5,"minecraft:gravel":25,"minecraft:stone_axe":119,"minecraft:cobblestone":48,"minecraft:purple_bed":1,"minecraft:furnace":2,"minecraft:oak_boat":1},"minecraft:killed":{"minecraft:pig":1,"minecraft:sheep":4,"minecraft:zombie":1,"minecraft:chicken":1,"minecraft:cow":6},"minecraft:mined":{"minecraft:oak_door":1,"minecraft:dandelion":1,"minecraft:oak_fence":1,"minecraft:crafting_table":3,"minecraft:torch":2,"minecraft:grass_block":268,"minecraft:tall_grass":1,"minecraft:cobblestone":1,"minecraft:oak_planks":14,"minecraft:large_fern":1,"minecraft:purple_bed":1,"minecraft:furnace":1,"minecraft:birch_leaves":3,"minecraft:pumpkin":6,"minecraft:grass":38,"minecraft:oak_log":74,"minecraft:coal_ore":15,"minecraft:gravel":27,"minecraft:dirt":26,"minecraft:stone":75,"minecraft:oak_leaves":21},"minecraft:crafted":{"artifacts:eternal_steak":1,"minecraft:oak_door":1,"minecraft:oak_planks":70,"minecraft:stone_shovel":2,"minecraft:crafting_table":2,"minecraft:wooden_pickaxe":1,"minecraft:furnace":1,"minecraft:fletching_table":1,"minecraft:stone_axe":2,"minecraft:air":310,"minecraft:oak_boat":1,"minecraft:charcoal":3,"minecraft:stick":3,"minecraft:stone_pickaxe":1,"minecraft:wooden_axe":1,"minecraft:chest":2,"minecraft:white_bed":1}},"DataVersion":3465}