{"stats":{"minecraft:custom":{"minecraft:interact_with_furnace":5,"minecraft:mob_kills":12,"minecraft:interact_with_crafting_table":11,"minecraft:leave_game":1,"minecraft:time_since_death":30497,"minecraft:sleep_in_bed":1,"minecraft:time_since_rest":12613,"minecraft:sprint_one_cm":122497,"minecraft:damage_taken":66,"minecraft:walk_one_cm":128921,"minecraft:drop":15,"minecraft:damage_dealt":1059,"minecraft:swim_one_cm":6598,"minecraft:talked_to_villager":2,"minecraft:fly_one_cm":159457,"minecraft:open_chest":2,"minecraft:crouch_one_cm":2817,"minecraft:play_time":30497,"minecraft:sneak_time":325,"minecraft:walk_under_water_one_cm":898,"minecraft:jump":686,"minecraft:walk_on_water_one_cm":601,"minecraft:total_world_time":30497,"minecraft:fall_one_cm":21366,"minecraft:horse_one_cm":7894},"minecraft:picked_up":{"minecraft:charcoal":2,"minecraft:crafting_table":2,"minecraft:azure_bluet":1,"minecraft:chicken":1,"minecraft:leather":8,"minecraft:oak_log":63,"minecraft:cornflower":2,"minecraft:dirt":275,"minecraft:wheat_seeds":10,"minecraft:beef":14,"minecraft:oak_planks":13,"minecraft:furnace":1,"minecraft:stick":2,"minecraft:oak_door":1,"minecraft:pumpkin":5,"minecraft:oak_fence":1,"minecraft:torch":2,"minecraft:dandelion":14,"minecraft:gravel":8,"minecraft:porkchop":3,"artifacts:everlasting_beef":1,"minecraft:purple_bed":1,"minecraft:oak_sapling":1,"minecraft:coal":13,"minecraft:mutton":6,"minecraft:cobblestone":39,"minecraft:white_wool":4,"minecraft:oxeye_daisy":1},"minecraft:broken":{"minecraft:stone_shovel":1},"minecraft:crafted":{"artifacts:eternal_steak":1,"minecraft:oak_door":1,"minecraft:oak_planks":60,"minecraft:stone_shovel":2,"minecraft:crafting_table":1,"minecraft:wooden_pickaxe":1,"minecraft:furnace":1,"minecraft:stone_axe":1,"minecraft:air":266,"minecraft:charcoal":3,"minecraft:stick":3,"minecraft:stone_pickaxe":1,"minecraft:wooden_axe":1,"minecraft:chest":2,"minecraft:white_bed":1},"minecraft:used":{"minecraft:oak_fence":1,"minecraft:stone_shovel":245,"minecraft:stone_pickaxe":45,"minecraft:oak_planks":209,"minecraft:chest":2,"minecraft:wooden_pickaxe":19,"artifacts:eternal_steak":3,"minecraft:oak_door":4,"minecraft:dirt":7,"minecraft:crafting_table":3,"minecraft:stone_axe":110,"minecraft:cobblestone":20,"minecraft:purple_bed":1,"minecraft:furnace":2},"minecraft:dropped":{"minecraft:wheat_seeds":5,"minecraft:chicken":1,"minecraft:azure_bluet":1,"minecraft:oxeye_daisy":1,"minecraft:dirt":248,"minecraft:cornflower":2,"minecraft:oak_sapling":1,"minecraft:dandelion":14},"minecraft:mined":{"minecraft:oak_door":1,"minecraft:dandelion":1,"minecraft:oak_fence":1,"minecraft:crafting_table":2,"minecraft:torch":2,"minecraft:grass_block":259,"minecraft:tall_grass":1,"minecraft:cobblestone":1,"minecraft:oak_planks":14,"minecraft:large_fern":1,"minecraft:purple_bed":1,"minecraft:furnace":1,"minecraft:birch_leaves":3,"minecraft:pumpkin":6,"minecraft:grass":31,"minecraft:coal_ore":15,"minecraft:oak_log":64,"minecraft:gravel":8,"minecraft:dirt":17,"minecraft:stone":38,"minecraft:oak_leaves":18},"minecraft:killed":{"minecraft:pig":1,"minecraft:sheep":4,"minecraft:chicken":1,"minecraft:cow":6}},"DataVersion":3465}