{"stats":{"minecraft:dropped":{"minecraft:wheat_seeds":5,"minecraft:chicken":1,"minecraft:azure_bluet":1,"minecraft:oxeye_daisy":1,"minecraft:dirt":248,"minecraft:cornflower":2,"minecraft:oak_sapling":1,"minecraft:dandelion":14},"minecraft:picked_up":{"minecraft:charcoal":2,"minecraft:crafting_table":2,"minecraft:azure_bluet":1,"minecraft:chicken":1,"minecraft:leather":8,"minecraft:oak_log":63,"minecraft:cornflower":2,"minecraft:dirt":275,"minecraft:wheat_seeds":10,"minecraft:beef":14,"minecraft:oak_planks":13,"minecraft:furnace":1,"minecraft:stick":2,"minecraft:oak_door":1,"minecraft:pumpkin":5,"minecraft:oak_fence":1,"minecraft:torch":2,"minecraft:dandelion":14,"minecraft:gravel":8,"minecraft:porkchop":3,"artifacts:everlasting_beef":1,"minecraft:purple_bed":1,"minecraft:oak_sapling":1,"minecraft:mutton":6,"minecraft:coal":13,"minecraft:cobblestone":67,"minecraft:white_wool":4,"minecraft:oxeye_daisy":1},"minecraft:custom":{"minecraft:interact_with_furnace":5,"minecraft:mob_kills":12,"minecraft:interact_with_crafting_table":12,"minecraft:leave_game":1,"minecraft:time_since_death":35404,"minecraft:sleep_in_bed":1,"minecraft:time_since_rest":17520,"minecraft:sprint_one_cm":125918,"minecraft:damage_taken":76,"minecraft:walk_one_cm":134445,"minecraft:drop":15,"minecraft:damage_dealt":1059,"minecraft:swim_one_cm":6598,"minecraft:talked_to_villager":3,"minecraft:fly_one_cm":165698,"minecraft:open_chest":2,"minecraft:crouch_one_cm":5182,"minecraft:play_time":35404,"minecraft:sneak_time":1286,"minecraft:walk_under_water_one_cm":898,"minecraft:jump":723,"minecraft:walk_on_water_one_cm":601,"minecraft:total_world_time":35404,"minecraft:fall_one_cm":23013,"minecraft:horse_one_cm":7894},"minecraft:broken":{"minecraft:stone_shovel":1},"minecraft:used":{"minecraft:oak_fence":1,"minecraft:stone_pickaxe":73,"minecraft:stone_shovel":245,"minecraft:oak_planks":209,"minecraft:chest":2,"minecraft:wooden_pickaxe":19,"artifacts:eternal_steak":3,"minecraft:oak_door":4,"minecraft:dirt":22,"minecraft:crafting_table":3,"minecraft:gravel":6,"minecraft:stone_axe":110,"minecraft:cobblestone":37,"minecraft:purple_bed":1,"minecraft:furnace":2},"minecraft:killed":{"minecraft:pig":1,"minecraft:sheep":4,"minecraft:chicken":1,"minecraft:cow":6},"minecraft:mined":{"minecraft:oak_door":1,"minecraft:dandelion":1,"minecraft:oak_fence":1,"minecraft:crafting_table":2,"minecraft:torch":2,"minecraft:grass_block":259,"minecraft:tall_grass":1,"minecraft:cobblestone":1,"minecraft:oak_planks":14,"minecraft:large_fern":1,"minecraft:purple_bed":1,"minecraft:furnace":1,"minecraft:birch_leaves":3,"minecraft:pumpkin":6,"minecraft:grass":31,"minecraft:oak_log":64,"minecraft:coal_ore":15,"minecraft:gravel":8,"minecraft:dirt":17,"minecraft:stone":66,"minecraft:oak_leaves":18},"minecraft:crafted":{"artifacts:eternal_steak":1,"minecraft:oak_door":1,"minecraft:oak_planks":60,"minecraft:stone_shovel":2,"minecraft:crafting_table":1,"minecraft:wooden_pickaxe":1,"minecraft:furnace":1,"minecraft:stone_axe":1,"minecraft:air":266,"minecraft:charcoal":3,"minecraft:stick":3,"minecraft:stone_pickaxe":1,"minecraft:wooden_axe":1,"minecraft:chest":2,"minecraft:white_bed":1}},"DataVersion":3465}