{"stats":{"minecraft:used":{"minecraft:crafting_table":1,"minecraft:wooden_pickaxe":4},"minecraft:killed_by":{"mineminenomi:pirate_grunt":1,"mineminenomi:bandit_grunt":1},"minecraft:picked_up":{"mineminenomi:bullet":5,"minecraft:crafting_table":1,"minecraft:leather":8,"minecraft:beef":9,"minecraft:oak_log":4,"minecraft:cobblestone":4},"minecraft:crafted":{"minecraft:oak_planks":16,"minecraft:crafting_table":1,"minecraft:stick":8,"minecraft:wooden_pickaxe":1},"minecraft:dropped":{"minecraft:leather":4},"minecraft:mined":{"minecraft:oak_log":4,"minecraft:stone":4,"minecraft:crafting_table":1},"minecraft:custom":{"minecraft:time_since_rest":940,"tombstone:undead_killed":2,"minecraft:play_one_minute":4888,"minecraft:walk_one_cm":6493,"minecraft:damage_taken":679,"minecraft:sprint_one_cm":24252,"minecraft:deaths":2,"minecraft:sneak_time":18,"minecraft:walk_under_water_one_cm":225,"minecraft:mob_kills":2,"minecraft:drop":1,"minecraft:jump":93,"minecraft:damage_dealt":434,"minecraft:time_since_death":2067,"minecraft:walk_on_water_one_cm":954,"minecraft:swim_one_cm":3718,"minecraft:interact_with_crafting_table":1,"minecraft:fall_one_cm":418,"minecraft:fly_one_cm":18764},"minecraft:killed":{"minecraft:skeleton":1,"minecraft:zombie":1}},"DataVersion":2586}