{"stats":{"minecraft:used":{"minecraft:stone_shovel":117,"minecraft:stone_pickaxe":19,"minecraft:spruce_planks":1,"minecraft:chest":1,"minecraft:wooden_pickaxe":9,"minecraft:blue_bed":1,"minecraft:diamond_axe":18,"minecraft:sugar_cane":2,"minecraft:dirt":16,"minecraft:sand":3,"minecraft:crafting_table":4,"minecraft:diamond_pickaxe":306,"minecraft:apple":6,"minecraft:gravel":5,"mineminenomi:cola":1,"minecraft:stone_axe":61,"carryon:tile_item":3,"minecraft:diamond_sword":134,"minecraft:cobblestone":88,"minecraft:beef":7,"minecraft:furnace":1,"minecraft:andesite":5,"tombstone:gift":2,"minecraft:yellow_bed":7,"minecraft:egg":1,"minecraft:cooked_beef":1,"minecraft:potato":2},"minecraft:killed_by":{"mineminenomi:bandit_brute":1,"mineminenomi:pirate_brute":1,"minecraft:skeleton":1,"mineminenomi:pirate_grunt":4,"mineminenomi:bandit_grunt":10},"minecraft:picked_up":{"minecraft:crafting_table":4,"minecraft:chicken":1,"minecraft:andesite":8,"minecraft:leather":8,"minecraft:oak_log":39,"minecraft:yellow_bed":7,"mineminenomi:belly_pouch":2,"minecraft:blue_bed":3,"minecraft:string":8,"minecraft:lapis_lazuli":35,"minecraft:dirt":46,"minecraft:leather_boots":1,"minecraft:glass":11,"minecraft:wheat_seeds":2,"minecraft:diamond_leggings":1,"minecraft:spruce_planks":6,"minecraft:beef":9,"minecraft:iron_ore":21,"minecraft:sugar_cane":35,"minecraft:chest":1,"minecraft:oak_planks":15,"minecraft:furnace":1,"minecraft:egg":1,"mineminenomi:bullet":8,"xreliquary:mob_charm_fragment":2,"xreliquary:zombie_heart":2,"minecraft:gravel":6,"minecraft:sand":89,"minecraft:ink_sac":6,"minecraft:spruce_sapling":1,"tombstone:grave_dust":1,"minecraft:diorite":38,"minecraft:carrot":6,"tconstruct:sky_slime_ball":7,"minecraft:arrow":1,"minecraft:rotten_flesh":5,"minecraft:diamond":25,"minecraft:granite":6,"minecraft:mutton":2,"minecraft:coal":8,"minecraft:white_wool":1,"minecraft:cobblestone":216,"minecraft:diamond_pickaxe":1},"minecraft:crafted":{"minecraft:cooked_beef":1,"minecraft:sugar":8,"minecraft:glass_bottle":6,"minecraft:oak_planks":56,"minecraft:stone_shovel":1,"minecraft:diamond_sword":1,"sophisticatedbackpacks:backpack":1,"minecraft:diamond_axe":1,"minecraft:crafting_table":2,"minecraft:wooden_pickaxe":1,"minecraft:furnace":1,"minecraft:stone_axe":1,"minecraft:air":0,"minecraft:glass":9,"minecraft:iron_boots":1,"minecraft:diamond_leggings":1,"minecraft:diamond_pickaxe":1,"minecraft:stick":16,"minecraft:iron_ingot":21,"minecraft:stone_pickaxe":1,"minecraft:iron_leggings":1,"minecraft:chest":1,"mineminenomi:cola":4,"sophisticatedbackpacks:iron_backpack":1,"minecraft:diamond_chestplate":1},"minecraft:broken":{"minecraft:leather_boots":1},"minecraft:dropped":{"minecraft:wheat_seeds":2,"minecraft:cobblestone":1,"minecraft:rotten_flesh":1,"minecraft:oak_planks":1,"minecraft:leather":4,"minecraft:dirt":13,"minecraft:diamond_pickaxe":1,"minecraft:string":4},"minecraft:mined":{"minecraft:diamond_ore":25,"minecraft:spruce_planks":7,"farmersdelight:wild_carrots":6,"minecraft:crafting_table":4,"minecraft:granite":6,"minecraft:grass_block":14,"minecraft:cobblestone":2,"minecraft:spruce_leaves":3,"minecraft:lapis_ore":6,"minecraft:sugar_cane":6,"minecraft:diorite":38,"minecraft:blue_bed":3,"minecraft:furnace":1,"minecraft:iron_ore":21,"minecraft:fire":26,"minecraft:andesite":9,"minecraft:yellow_bed":7,"minecraft:grass":1,"minecraft:oak_log":13,"minecraft:coal_ore":8,"minecraft:gravel":6,"minecraft:sand":91,"minecraft:dirt":21,"minecraft:stone":213,"minecraft:fern":1,"minecraft:oak_leaves":4},"minecraft:killed":{"mineminenomi:pirate_grunt":2,"minecraft:zombie_villager":1,"tconstruct:sky_slime":8,"minecraft:skeleton":1,"minecraft:zombie":8,"mineminenomi:bandit_grunt":5},"minecraft:custom":{"minecraft:interact_with_furnace":17,"minecraft:mob_kills":25,"minecraft:interact_with_crafting_table":34,"minecraft:play_one_minute":76888,"minecraft:time_since_death":7915,"minecraft:sleep_in_bed":3,"minecraft:climb_one_cm":910,"minecraft:time_since_rest":7644,"minecraft:sprint_one_cm":345805,"minecraft:damage_taken":5143,"minecraft:walk_one_cm":154782,"minecraft:drop":10,"minecraft:damage_dealt":5270,"minecraft:swim_one_cm":43074,"minecraft:fly_one_cm":348164,"minecraft:open_chest":10,"minecraft:deaths":17,"minecraft:crouch_one_cm":21,"tombstone:undead_killed":10,"minecraft:sneak_time":207,"minecraft:walk_under_water_one_cm":2215,"minecraft:jump":1774,"minecraft:interact_with_brewingstand":1,"minecraft:interact_with_blast_furnace":4,"minecraft:walk_on_water_one_cm":15071,"minecraft:fall_one_cm":33657}},"DataVersion":2586}