{"stats":{"minecraft:used":{"minecraft:stone_shovel":12,"minecraft:stone_pickaxe":19,"minecraft:chest":1,"minecraft:wooden_pickaxe":9,"minecraft:dirt":12,"minecraft:crafting_table":3,"minecraft:diamond_pickaxe":284,"minecraft:gravel":5,"minecraft:stone_axe":61,"carryon:tile_item":3,"minecraft:cobblestone":88,"minecraft:beef":4,"tombstone:gift":1,"minecraft:egg":1},"minecraft:killed_by":{"mineminenomi:bandit_brute":1,"minecraft:skeleton":1,"mineminenomi:pirate_grunt":3,"mineminenomi:bandit_grunt":2},"minecraft:picked_up":{"minecraft:crafting_table":2,"minecraft:andesite":3,"minecraft:leather":8,"minecraft:oak_log":7,"minecraft:yellow_bed":1,"mineminenomi:belly_pouch":1,"minecraft:lapis_lazuli":35,"minecraft:dirt":19,"minecraft:leather_boots":1,"minecraft:beef":9,"minecraft:iron_ore":21,"minecraft:egg":1,"mineminenomi:bullet":5,"xreliquary:mob_charm_fragment":2,"xreliquary:zombie_heart":2,"minecraft:gravel":6,"minecraft:diorite":38,"tconstruct:sky_slime_ball":7,"minecraft:arrow":1,"minecraft:rotten_flesh":4,"minecraft:diamond":25,"minecraft:granite":6,"minecraft:mutton":2,"minecraft:coal":8,"minecraft:white_wool":1,"minecraft:cobblestone":203,"minecraft:diamond_pickaxe":1},"minecraft:crafted":{"minecraft:oak_planks":28,"minecraft:stone_shovel":1,"minecraft:diamond_sword":1,"minecraft:diamond_axe":1,"minecraft:crafting_table":1,"minecraft:wooden_pickaxe":1,"minecraft:stone_axe":1,"minecraft:air":0,"minecraft:iron_boots":1,"minecraft:diamond_leggings":1,"minecraft:diamond_pickaxe":1,"minecraft:stick":16,"minecraft:iron_ingot":21,"minecraft:stone_pickaxe":1,"minecraft:chest":1,"minecraft:diamond_chestplate":1},"minecraft:broken":{"minecraft:leather_boots":1},"minecraft:dropped":{"minecraft:leather":4,"minecraft:dirt":2,"minecraft:diamond_pickaxe":1},"minecraft:mined":{"minecraft:diamond_ore":25,"minecraft:crafting_table":2,"minecraft:granite":6,"minecraft:grass_block":6,"minecraft:cobblestone":2,"minecraft:lapis_ore":6,"minecraft:diorite":38,"minecraft:iron_ore":21,"minecraft:andesite":3,"minecraft:yellow_bed":1,"minecraft:oak_log":7,"minecraft:coal_ore":8,"minecraft:gravel":6,"minecraft:dirt":13,"minecraft:stone":201,"minecraft:oak_leaves":3},"minecraft:killed":{"tconstruct:sky_slime":8,"minecraft:skeleton":1,"minecraft:zombie":7},"minecraft:custom":{"minecraft:mob_kills":16,"minecraft:interact_with_crafting_table":17,"minecraft:play_one_minute":40888,"minecraft:time_since_death":13759,"minecraft:sleep_in_bed":2,"minecraft:time_since_rest":0,"minecraft:sprint_one_cm":192727,"minecraft:damage_taken":2181,"minecraft:walk_one_cm":79310,"minecraft:drop":3,"minecraft:damage_dealt":2300,"minecraft:swim_one_cm":9856,"minecraft:fly_one_cm":177872,"minecraft:open_chest":5,"minecraft:deaths":7,"minecraft:crouch_one_cm":9,"tombstone:undead_killed":8,"minecraft:sneak_time":110,"minecraft:walk_under_water_one_cm":720,"minecraft:jump":891,"minecraft:interact_with_brewingstand":1,"minecraft:interact_with_blast_furnace":4,"minecraft:walk_on_water_one_cm":4628,"minecraft:fall_one_cm":12181}},"DataVersion":2586}