{"stats":{"minecraft:custom":{"minecraft:mob_kills":82,"minecraft:interact_with_crafting_table":52,"minecraft:open_barrel":23,"minecraft:leave_game":1,"minecraft:time_since_death":18703,"minecraft:climb_one_cm":1853,"minecraft:sprint_one_cm":483145,"minecraft:walk_one_cm":264092,"minecraft:drop":20,"minecraft:deaths":25,"minecraft:sneak_time":274,"minecraft:walk_under_water_one_cm":2382,"minecraft:jump":2783,"minecraft:interact_with_brewingstand":1,"minecraft:interact_with_blast_furnace":4,"minecraft:walk_on_water_one_cm":15376,"minecraft:interact_with_furnace":21,"tombstone:raider_killed":12,"minecraft:play_one_minute":135451,"minecraft:sleep_in_bed":3,"minecraft:time_since_rest":18591,"minecraft:damage_taken":7582,"minecraft:damage_dealt":14797,"minecraft:swim_one_cm":45029,"minecraft:fly_one_cm":539771,"minecraft:open_chest":15,"minecraft:crouch_one_cm":150,"tombstone:undead_killed":26,"minecraft:interact_with_smoker":4,"minecraft:fall_one_cm":85887},"minecraft:mined":{"minecraft:diamond_ore":25,"minecraft:spruce_planks":18,"farmersdelight:wild_carrots":6,"minecraft:granite":6,"minecraft:grass_block":15,"minecraft:spruce_leaves":3,"minecraft:furnace":2,"minecraft:iron_ore":34,"minecraft:fire":26,"minecraft:andesite":23,"minecraft:stone":225,"minecraft:spruce_slab":3,"minecraft:gray_terracotta":2,"minecraft:crafting_table":8,"minecraft:tall_grass":3,"minecraft:cobblestone":7,"minecraft:lapis_ore":6,"minecraft:sugar_cane":8,"minecraft:diorite":38,"minecraft:blue_bed":3,"minecraft:purple_wool":2,"minecraft:dark_oak_slab":6,"minecraft:magenta_terracotta":6,"minecraft:yellow_bed":7,"minecraft:grass":11,"minecraft:oak_log":13,"minecraft:coal_ore":27,"minecraft:gravel":6,"minecraft:sand":91,"minecraft:dirt":21,"minecraft:polished_andesite":1,"minecraft:oak_leaves":4,"minecraft:fern":1},"minecraft:broken":{"minecraft:iron_boots":1,"minecraft:iron_leggings":1,"minecraft:leather_boots":1,"minecraft:iron_helmet":1},"minecraft:crafted":{"minecraft:oak_planks":56,"minecraft:stone_shovel":1,"minecraft:furnace":1,"minecraft:cooked_mutton":2,"minecraft:glass":9,"minecraft:diamond_leggings":1,"minecraft:iron_boots":1,"minecraft:stone_pickaxe":1,"minecraft:chest":1,"mineminenomi:cola":13,"sophisticatedbackpacks:iron_backpack":1,"minecraft:cooked_beef":11,"minecraft:sugar":32,"minecraft:glass_bottle":12,"minecraft:diamond_sword":1,"sophisticatedbackpacks:backpack":1,"minecraft:diamond_axe":1,"minecraft:crafting_table":2,"minecraft:wooden_pickaxe":1,"tconstruct:sky_slime_sling":1,"sophisticatedbackpacks:gold_backpack":1,"minecraft:stone_axe":1,"tconstruct:sky_congealed_slime":1,"minecraft:air":0,"minecraft:diamond_pickaxe":1,"minecraft:stick":16,"minecraft:iron_ingot":21,"minecraft:iron_leggings":1,"minecraft:diamond_chestplate":1},"minecraft:picked_up":{"minecraft:cocoa_beans":1,"minecraft:crafting_table":8,"minecraft:purple_wool":6,"minecraft:ladder":4,"minecraft:chicken":1,"minecraft:lead":2,"minecraft:diamond_sword":1,"mineminenomi:cola":3,"minecraft:string":10,"minecraft:diamond_leggings":1,"minecraft:spruce_planks":18,"minecraft:beef":22,"minecraft:spruce_slab":3,"minecraft:sugar_cane":40,"minecraft:chest":1,"minecraft:egg":1,"minecraft:furnace":2,"minecraft:stick":5,"xreliquary:zombie_heart":2,"tombstone:grave_dust":3,"minecraft:diorite":38,"minecraft:carrot":6,"tconstruct:sky_slime_ball":7,"minecraft:arrow":1,"minecraft:rotten_flesh":26,"minecraft:mutton":15,"minecraft:cobblestone":233,"minecraft:white_wool":9,"minecraft:andesite":24,"minecraft:leather":16,"mineminenomi:ultra_cola":2,"minecraft:oak_log":39,"create:gabbro_cobblestone":2,"minecraft:yellow_bed":7,"mineminenomi:belly_pouch":4,"minecraft:dirt":47,"minecraft:lapis_lazuli":35,"minecraft:magenta_terracotta":6,"minecraft:blue_bed":3,"minecraft:leather_boots":1,"minecraft:glass":11,"minecraft:gray_terracotta":2,"minecraft:wheat_seeds":2,"minecraft:iron_ore":34,"tombstone:bag_of_seeds":2,"minecraft:glass_bottle":2,"minecraft:glowstone_dust":1,"minecraft:oak_planks":15,"mineminenomi:bullet":16,"xreliquary:mob_charm_fragment":2,"minecraft:dark_oak_slab":8,"minecraft:gravel":6,"xreliquary:witch_hat":1,"minecraft:sand":89,"minecraft:spruce_sapling":1,"minecraft:ink_sac":6,"minecraft:polished_andesite":1,"minecraft:sugar":2,"minecraft:diamond":25,"minecraft:granite":6,"minecraft:coal":52,"minecraft:diamond_pickaxe":1},"minecraft:killed_by":{"mineminenomi:bandit_brute":1,"mineminenomi:pirate_brute":1,"mineminenomi:pirate_grunt":5,"minecraft:vindicator":1,"minecraft:skeleton":1,"minecraft:witch":1,"mineminenomi:bandit_grunt":15},"minecraft:dropped":{"minecraft:wheat_seeds":2,"minecraft:iron_helmet":1,"minecraft:cobblestone":1,"minecraft:leather":4,"minecraft:dirt":13,"tombstone:bag_of_seeds":1,"minecraft:iron_leggings":1,"minecraft:string":4,"minecraft:cocoa_beans":1,"minecraft:rotten_flesh":1,"minecraft:oak_planks":1,"minecraft:iron_boots":1,"minecraft:diamond_sword":1,"minecraft:gray_terracotta":2,"minecraft:iron_chestplate":1,"minecraft:diamond_pickaxe":1,"create:gabbro_cobblestone":2},"minecraft:killed":{"minecraft:witch":4,"minecraft:spider":2,"minecraft:vindicator":1,"tconstruct:sky_slime":8,"minecraft:skeleton":1,"mineminenomi:pirate_grunt":5,"minecraft:zombie_villager":1,"minecraft:sheep":8,"minecraft:pillager":7,"minecraft:zombie":24,"mineminenomi:bandit_grunt":9,"minecraft:cow":8},"minecraft:used":{"minecraft:stone_shovel":117,"minecraft:spruce_slab":1,"minecraft:chest":1,"minecraft:spruce_planks":18,"minecraft:dirt":19,"minecraft:dark_oak_slab":6,"mineminenomi:cola":9,"carryon:tile_item":3,"minecraft:beef":10,"minecraft:magenta_terracotta":6,"minecraft:furnace":2,"tombstone:gift":2,"minecraft:egg":1,"minecraft:cooked_beef":5,"minecraft:potato":2,"minecraft:cooked_mutton":1,"minecraft:stone_pickaxe":19,"minecraft:polished_andesite":1,"minecraft:wooden_pickaxe":9,"minecraft:sugar_cane":2,"minecraft:blue_bed":2,"minecraft:diamond_axe":35,"mineminenomi:ultra_cola":2,"minecraft:sand":3,"minecraft:crafting_table":8,"tombstone:bag_of_seeds":1,"minecraft:diamond_pickaxe":384,"minecraft:apple":6,"minecraft:gravel":5,"minecraft:stone_axe":61,"minecraft:diamond_sword":369,"minecraft:cobblestone":98,"minecraft:andesite":12,"minecraft:yellow_bed":7,"minecraft:pumpkin_pie":3}},"DataVersion":2586}