{"stats":{"minecraft:used":{"minecraft:stone_shovel":117,"minecraft:stone_pickaxe":19,"minecraft:chest":1,"minecraft:wooden_pickaxe":9,"minecraft:diamond_axe":8,"minecraft:sugar_cane":2,"minecraft:dirt":16,"minecraft:sand":3,"minecraft:crafting_table":4,"minecraft:diamond_pickaxe":297,"minecraft:apple":3,"minecraft:gravel":5,"minecraft:stone_axe":61,"carryon:tile_item":3,"minecraft:diamond_sword":127,"minecraft:cobblestone":88,"minecraft:beef":6,"minecraft:furnace":1,"tombstone:gift":2,"minecraft:yellow_bed":6,"minecraft:egg":1,"minecraft:potato":2},"minecraft:killed_by":{"mineminenomi:bandit_brute":1,"mineminenomi:pirate_brute":1,"minecraft:skeleton":1,"mineminenomi:pirate_grunt":3,"mineminenomi:bandit_grunt":9},"minecraft:picked_up":{"minecraft:crafting_table":3,"minecraft:chicken":1,"minecraft:andesite":3,"minecraft:leather":8,"minecraft:oak_log":39,"minecraft:yellow_bed":6,"mineminenomi:belly_pouch":2,"minecraft:string":8,"minecraft:lapis_lazuli":35,"minecraft:dirt":44,"minecraft:leather_boots":1,"minecraft:wheat_seeds":1,"minecraft:diamond_leggings":1,"minecraft:beef":9,"minecraft:iron_ore":21,"minecraft:sugar_cane":35,"minecraft:chest":1,"minecraft:oak_planks":1,"minecraft:egg":1,"mineminenomi:bullet":8,"xreliquary:mob_charm_fragment":2,"xreliquary:zombie_heart":2,"minecraft:gravel":6,"minecraft:sand":88,"tombstone:grave_dust":1,"minecraft:diorite":38,"minecraft:carrot":6,"tconstruct:sky_slime_ball":7,"minecraft:arrow":1,"minecraft:rotten_flesh":4,"minecraft:diamond":25,"minecraft:granite":6,"minecraft:mutton":2,"minecraft:coal":8,"minecraft:white_wool":1,"minecraft:cobblestone":216,"minecraft:diamond_pickaxe":1},"minecraft:crafted":{"minecraft:sugar":8,"minecraft:oak_planks":56,"minecraft:stone_shovel":1,"minecraft:diamond_sword":1,"sophisticatedbackpacks:backpack":1,"minecraft:diamond_axe":1,"minecraft:crafting_table":2,"minecraft:wooden_pickaxe":1,"minecraft:furnace":1,"minecraft:stone_axe":1,"minecraft:air":0,"minecraft:iron_boots":1,"minecraft:diamond_leggings":1,"minecraft:diamond_pickaxe":1,"minecraft:stick":16,"minecraft:iron_ingot":21,"minecraft:stone_pickaxe":1,"minecraft:iron_leggings":1,"minecraft:chest":1,"sophisticatedbackpacks:iron_backpack":1,"minecraft:diamond_chestplate":1},"minecraft:broken":{"minecraft:leather_boots":1},"minecraft:dropped":{"minecraft:wheat_seeds":1,"minecraft:cobblestone":1,"minecraft:oak_planks":1,"minecraft:leather":4,"minecraft:dirt":13,"minecraft:diamond_pickaxe":1,"minecraft:string":4},"minecraft:mined":{"minecraft:diamond_ore":25,"farmersdelight:wild_carrots":6,"minecraft:crafting_table":3,"minecraft:granite":6,"minecraft:grass_block":12,"minecraft:cobblestone":2,"minecraft:spruce_leaves":3,"minecraft:lapis_ore":6,"minecraft:sugar_cane":6,"minecraft:diorite":38,"minecraft:iron_ore":21,"minecraft:andesite":3,"minecraft:yellow_bed":6,"minecraft:oak_log":13,"minecraft:coal_ore":8,"minecraft:gravel":6,"minecraft:sand":91,"minecraft:dirt":21,"minecraft:stone":213,"minecraft:oak_leaves":4},"minecraft:killed":{"minecraft:zombie_villager":1,"tconstruct:sky_slime":8,"minecraft:skeleton":1,"minecraft:zombie":8,"mineminenomi:bandit_grunt":5},"minecraft:custom":{"minecraft:interact_with_furnace":3,"minecraft:mob_kills":23,"minecraft:interact_with_crafting_table":30,"minecraft:play_one_minute":64888,"minecraft:time_since_death":11337,"minecraft:sleep_in_bed":3,"minecraft:time_since_rest":8475,"minecraft:sprint_one_cm":290396,"minecraft:damage_taken":4431,"minecraft:walk_one_cm":133127,"minecraft:drop":8,"minecraft:damage_dealt":5025,"minecraft:swim_one_cm":26708,"minecraft:fly_one_cm":279588,"minecraft:open_chest":5,"minecraft:deaths":15,"minecraft:crouch_one_cm":9,"tombstone:undead_killed":10,"minecraft:sneak_time":175,"minecraft:walk_under_water_one_cm":1850,"minecraft:jump":1423,"minecraft:interact_with_brewingstand":1,"minecraft:interact_with_blast_furnace":4,"minecraft:walk_on_water_one_cm":14013,"minecraft:fall_one_cm":22993}},"DataVersion":2586}