{"stats":{"minecraft:killed":{"minecraft:zombie":2,"minecraft:creeper":1},"minecraft:picked_up":{"minecraft:crafting_table":2,"minecraft:raw_iron":11,"minecraft:oak_fence":2,"minecraft:oak_log":7,"minecraft:dirt":11,"minecraft:rotten_flesh":3,"minecraft:coal":16,"minecraft:cobblestone":59},"minecraft:custom":{"minecraft:time_since_rest":7754,"minecraft:sprint_one_cm":43071,"minecraft:damage_taken":170,"minecraft:walk_one_cm":25735,"minecraft:mob_kills":3,"minecraft:damage_dealt":595,"minecraft:interact_with_crafting_table":2,"minecraft:fly_one_cm":32612,"minecraft:open_chest":1,"minecraft:crouch_one_cm":8,"minecraft:play_time":7754,"minecraft:sneak_time":1,"minecraft:jump":151,"minecraft:time_since_death":7754,"minecraft:total_world_time":7754,"minecraft:fall_one_cm":5802},"minecraft:mined":{"minecraft:iron_ore":11,"minecraft:oak_fence":2,"minecraft:crafting_table":2,"minecraft:oak_log":7,"minecraft:coal_ore":16,"minecraft:dirt":2,"minecraft:cobblestone":1,"minecraft:stone":52,"minecraft:spawner":1},"minecraft:used":{"farmersdelight:skillet":3,"minecraft:stone_pickaxe":64,"minecraft:iron_pickaxe":12,"minecraft:wooden_pickaxe":9,"minecraft:stone_axe":10,"minecraft:golden_apple":1,"minecraft:cobblestone":1,"minecraft:crafting_table":2},"minecraft:crafted":{"minecraft:oak_planks":28,"minecraft:crafting_table":1,"minecraft:stick":12,"minecraft:wooden_pickaxe":1,"minecraft:stone_pickaxe":1,"minecraft:stone_axe":1}},"DataVersion":3465}