{"stats":{"minecraft:dropped":{"sophisticatedbackpacks:copper_backpack":1},"minecraft:killed":{"minecraft:zombie":3,"minecraft:creeper":1},"minecraft:picked_up":{"electrodynamics:raworelepidolite":8,"heroes:brain":1,"minecraft:crafting_table":3,"minecraft:raw_iron":46,"electrodynamics:dustsulfur":3,"minecraft:andesite":20,"minecraft:oak_fence":2,"minecraft:torch":1,"minecraft:oak_log":7,"palladium:raw_lead":2,"minecraft:dirt":12,"create:limestone":4,"minecraft:rotten_flesh":3,"minecraft:cobbled_deepslate":10,"sophisticatedbackpacks:copper_backpack":1,"minecraft:coal":27,"minecraft:furnace":1,"minecraft:rail":1,"minecraft:cobblestone":76},"minecraft:custom":{"minecraft:time_since_rest":13586,"minecraft:interact_with_furnace":28,"minecraft:sprint_one_cm":112314,"minecraft:walk_one_cm":57407,"minecraft:damage_taken":395,"minecraft:damage_absorbed":10,"minecraft:mob_kills":4,"minecraft:drop":1,"minecraft:damage_dealt":854,"minecraft:swim_one_cm":1570,"minecraft:interact_with_crafting_table":14,"minecraft:fly_one_cm":82137,"minecraft:open_chest":1,"minecraft:crouch_one_cm":22,"minecraft:play_time":24733,"minecraft:deaths":1,"minecraft:sneak_time":70,"minecraft:walk_under_water_one_cm":4862,"minecraft:jump":459,"minecraft:leave_game":1,"minecraft:walk_on_water_one_cm":4022,"minecraft:time_since_death":13563,"minecraft:climb_one_cm":150,"minecraft:total_world_time":24733,"minecraft:fall_one_cm":16056},"minecraft:killed_by":{"eidolon:wraith":1},"minecraft:mined":{"minecraft:furnace":1,"electrodynamics:oresulfur":1,"minecraft:iron_ore":46,"minecraft:cobbled_deepslate":1,"electrodynamics:orelithium":8,"minecraft:andesite":20,"minecraft:torch":1,"minecraft:oak_fence":2,"minecraft:crafting_table":3,"minecraft:oak_log":7,"minecraft:coal_ore":16,"minecraft:dirt":3,"minecraft:cobblestone":5,"palladium:lead_ore":2,"minecraft:stone":65,"create:limestone":4,"minecraft:deepslate":9,"minecraft:spawner":1},"minecraft:used":{"minecraft:water_bucket":3,"farmersdelight:skillet":10,"minecraft:stone_pickaxe":64,"sophisticatedbackpacks:copper_backpack":1,"minecraft:iron_pickaxe":111,"minecraft:wooden_pickaxe":9,"minecraft:torch":1,"minecraft:stone_axe":11,"minecraft:golden_apple":1,"minecraft:cobblestone":5,"minecraft:crafting_table":3,"minecraft:furnace":1,"minecraft:bucket":4,"minecraft:andesite":10,"minecraft:cobbled_deepslate":1},"minecraft:crafted":{"minecraft:oak_planks":28,"minecraft:iron_chestplate":1,"minecraft:iron_boots":1,"minecraft:crafting_table":1,"minecraft:stick":12,"minecraft:iron_ingot":33,"minecraft:iron_helmet":1,"minecraft:wooden_pickaxe":1,"minecraft:stone_pickaxe":1,"minecraft:iron_leggings":1,"minecraft:furnace":1,"minecraft:stone_axe":1,"minecraft:air":0}},"DataVersion":3465}