{"stats":{"minecraft:used":{"minecraft:stone_shovel":103,"minecraft:stone_pickaxe":19,"minecraft:chest":1,"minecraft:wooden_pickaxe":9,"minecraft:diamond_axe":1,"minecraft:sugar_cane":2,"minecraft:dirt":12,"minecraft:sand":3,"minecraft:crafting_table":3,"minecraft:diamond_pickaxe":285,"minecraft:apple":3,"minecraft:gravel":5,"minecraft:stone_axe":61,"carryon:tile_item":3,"minecraft:diamond_sword":95,"minecraft:cobblestone":88,"minecraft:beef":6,"tombstone:gift":1,"minecraft:yellow_bed":5,"minecraft:egg":1},"minecraft:killed_by":{"mineminenomi:bandit_brute":1,"mineminenomi:pirate_brute":1,"minecraft:skeleton":1,"mineminenomi:pirate_grunt":3,"mineminenomi:bandit_grunt":7},"minecraft:picked_up":{"minecraft:crafting_table":2,"minecraft:chicken":1,"minecraft:andesite":3,"minecraft:leather":8,"minecraft:oak_log":7,"minecraft:yellow_bed":5,"mineminenomi:belly_pouch":2,"minecraft:lapis_lazuli":35,"minecraft:dirt":20,"minecraft:leather_boots":1,"minecraft:beef":9,"minecraft:iron_ore":21,"minecraft:sugar_cane":13,"minecraft:egg":1,"mineminenomi:bullet":8,"xreliquary:mob_charm_fragment":2,"xreliquary:zombie_heart":2,"minecraft:gravel":6,"minecraft:sand":88,"minecraft:diorite":38,"minecraft:carrot":6,"tconstruct:sky_slime_ball":7,"minecraft:arrow":1,"minecraft:rotten_flesh":4,"minecraft:diamond":25,"minecraft:granite":6,"minecraft:mutton":2,"minecraft:coal":8,"minecraft:white_wool":1,"minecraft:cobblestone":204,"minecraft:diamond_pickaxe":1},"minecraft:crafted":{"minecraft:sugar":8,"minecraft:oak_planks":28,"minecraft:stone_shovel":1,"minecraft:diamond_sword":1,"minecraft:diamond_axe":1,"minecraft:crafting_table":1,"minecraft:wooden_pickaxe":1,"minecraft:stone_axe":1,"minecraft:air":0,"minecraft:iron_boots":1,"minecraft:diamond_leggings":1,"minecraft:diamond_pickaxe":1,"minecraft:stick":16,"minecraft:iron_ingot":21,"minecraft:stone_pickaxe":1,"minecraft:chest":1,"minecraft:diamond_chestplate":1},"minecraft:broken":{"minecraft:leather_boots":1},"minecraft:dropped":{"minecraft:cobblestone":1,"minecraft:leather":4,"minecraft:dirt":2,"minecraft:diamond_pickaxe":1},"minecraft:mined":{"minecraft:diamond_ore":25,"farmersdelight:wild_carrots":6,"minecraft:crafting_table":2,"minecraft:granite":6,"minecraft:grass_block":7,"minecraft:cobblestone":2,"minecraft:spruce_leaves":3,"minecraft:lapis_ore":6,"minecraft:sugar_cane":6,"minecraft:diorite":38,"minecraft:iron_ore":21,"minecraft:andesite":3,"minecraft:yellow_bed":5,"minecraft:oak_log":7,"minecraft:coal_ore":8,"minecraft:gravel":6,"minecraft:sand":91,"minecraft:dirt":13,"minecraft:stone":201,"minecraft:oak_leaves":4},"minecraft:killed":{"tconstruct:sky_slime":8,"minecraft:skeleton":1,"minecraft:zombie":7,"mineminenomi:bandit_grunt":4},"minecraft:custom":{"minecraft:mob_kills":20,"minecraft:interact_with_crafting_table":17,"minecraft:play_one_minute":52888,"minecraft:time_since_death":74,"minecraft:sleep_in_bed":2,"minecraft:time_since_rest":1,"minecraft:sprint_one_cm":268472,"minecraft:damage_taken":3876,"minecraft:walk_one_cm":106099,"minecraft:drop":4,"minecraft:damage_dealt":4176,"minecraft:swim_one_cm":19727,"minecraft:fly_one_cm":249699,"minecraft:open_chest":5,"minecraft:deaths":13,"minecraft:crouch_one_cm":9,"tombstone:undead_killed":8,"minecraft:sneak_time":138,"minecraft:walk_under_water_one_cm":1182,"minecraft:jump":1257,"minecraft:interact_with_brewingstand":1,"minecraft:interact_with_blast_furnace":4,"minecraft:walk_on_water_one_cm":11555,"minecraft:fall_one_cm":20629}},"DataVersion":2586}