{"stats":{"minecraft:dropped":{"sophisticatedbackpacks:iron_backpack":1,"minecraft:wheat_seeds":1,"farmersdelight:skillet":1,"minecraft:warped_roots":1,"minecraft:fletching_table":1,"minecraft:coal":22,"sophisticatedbackpacks:gold_backpack":2,"minecraft:dirt":3,"minecraft:ice":7,"minecraft:cornflower":1,"minecraft:string":1,"minecraft:bone":2,"minecraft:cobbled_deepslate":1,"heroes:brain":2,"minecraft:obsidian":31,"minecraft:mossy_stone_bricks":1,"minecraft:stone_bricks":1,"sophisticatedbackpacks:copper_backpack":1},"minecraft:killed":{"minecraft:spider":1,"minecraft:skeleton":2,"eidolon:wraith":1,"minecraft:chicken":1,"minecraft:drowned":1,"minecraft:creeper":1,"minecraft:sheep":3,"minecraft:zombie":3,"minecraft:cow":3},"minecraft:picked_up":{"sophisticatedbackpacks:gold_backpack":2,"electrodynamics:raworelepidolite":8,"minecraft:crafting_table":3,"minecraft:gold_block":1,"minecraft:cornflower":5,"minecraft:string":2,"minecraft:red_bed":6,"create:limestone":4,"minecraft:blue_orchid":3,"minecraft:cracked_stone_bricks":2,"minecraft:candle":2,"minecraft:cobbled_deepslate":10,"minecraft:spruce_planks":2,"minecraft:beef":10,"minecraft:oak_boat":2,"minecraft:light_gray_wool":1,"minecraft:sugar_cane":12,"minecraft:furnace":2,"minecraft:raw_iron":46,"minecraft:oak_fence":2,"minecraft:torch":9,"minecraft:arrow":4,"minecraft:rotten_flesh":3,"minecraft:hay_block":3,"minecraft:iron_block":1,"sophisticatedbackpacks:copper_backpack":1,"minecraft:stripped_birch_wood":2,"minecraft:mutton":3,"minecraft:obsidian":7,"minecraft:iron_bars":1,"minecraft:white_wool":2,"minecraft:rail":1,"minecraft:cobblestone":82,"heroes:brain":11,"minecraft:feather":2,"electrodynamics:dustsulfur":3,"minecraft:andesite":20,"minecraft:leather":4,"minecraft:oak_log":7,"farmersdelight:skillet":1,"minecraft:dirt":22,"minecraft:bone":10,"minecraft:stone_bricks":6,"minecraft:orange_tulip":4,"minecraft:wheat_seeds":4,"minecraft:mossy_stone_bricks":1,"minecraft:fletching_table":1,"palladium:raw_lead":2,"minecraft:bread":6,"minecraft:warped_roots":2,"minecraft:coal":43},"minecraft:custom":{"minecraft:interact_with_smithing_table":1,"minecraft:mob_kills":17,"minecraft:interact_with_crafting_table":14,"minecraft:open_barrel":1,"minecraft:leave_game":8,"minecraft:time_since_death":66585,"minecraft:climb_one_cm":10581,"minecraft:sprint_one_cm":319971,"minecraft:walk_one_cm":225610,"minecraft:drop":28,"minecraft:talked_to_villager":2,"minecraft:play_time":158833,"minecraft:deaths":9,"minecraft:sneak_time":1256,"minecraft:walk_under_water_one_cm":34824,"minecraft:boat_one_cm":117296,"minecraft:jump":2043,"minecraft:walk_on_water_one_cm":24361,"minecraft:total_world_time":158833,"minecraft:interact_with_furnace":34,"minecraft:sleep_in_bed":4,"minecraft:time_since_rest":49427,"minecraft:waystone_activated":1,"minecraft:damage_taken":3887,"minecraft:damage_absorbed":10,"minecraft:damage_dealt":2949,"minecraft:swim_one_cm":46717,"minecraft:fly_one_cm":7869361,"minecraft:open_chest":20,"minecraft:crouch_one_cm":2997,"minecraft:fall_one_cm":151271,"minecraft:horse_one_cm":3564},"minecraft:killed_by":{"minecraft:pillager":2,"eidolon:wraith":1,"minecraft:drowned":1,"minecraft:vindicator":2,"minecraft:skeleton":1,"alexsmobs:orca":1},"minecraft:mined":{"minecraft:spruce_planks":2,"minecraft:candle":1,"electrodynamics:orelithium":8,"minecraft:grass_block":7,"palladium:lead_ore":2,"minecraft:spawner":1,"minecraft:large_fern":1,"minecraft:furnace":2,"electrodynamics:oresulfur":1,"minecraft:nether_sprouts":1,"minecraft:iron_ore":46,"minecraft:cobbled_deepslate":1,"minecraft:andesite":20,"minecraft:fletching_table":2,"minecraft:gold_block":1,"minecraft:iron_bars":1,"minecraft:blue_orchid":7,"minecraft:stone":67,"minecraft:iron_block":1,"create:limestone":4,"minecraft:red_bed":6,"minecraft:oak_fence":2,"minecraft:crafting_table":3,"minecraft:cornflower":8,"minecraft:torch":1,"minecraft:warped_roots":1,"minecraft:andesite_wall":1,"minecraft:tall_grass":11,"minecraft:cobblestone":9,"minecraft:sugar_cane":5,"minecraft:pink_petals":1,"farmersdelight:skillet":1,"minecraft:purple_stained_glass":2,"minecraft:orange_tulip":4,"minecraft:stone_brick_stairs":1,"minecraft:grass":23,"minecraft:oak_log":7,"minecraft:coal_ore":16,"minecraft:dirt":6,"minecraft:stripped_birch_wood":2,"minecraft:stone_bricks":3,"minecraft:mossy_stone_bricks":1,"minecraft:deepslate":9,"minecraft:fern":7},"minecraft:used":{"sophisticatedbackpacks:copper_backpack":1,"minecraft:torch":2,"minecraft:dirt":6,"minecraft:mutton":3,"minecraft:obsidian":1,"minecraft:beef":4,"minecraft:furnace":2,"ars_nouveau:sourceberry_bush":2,"minecraft:gray_bed":1,"minecraft:cooked_beef":4,"minecraft:cobbled_deepslate":1,"minecraft:water_bucket":6,"farmersdelight:skillet":49,"minecraft:stone_pickaxe":64,"minecraft:wooden_pickaxe":9,"minecraft:warped_roots":1,"minecraft:golden_apple":1,"farmersdelight:onion":5,"minecraft:crafting_table":3,"minecraft:red_bed":6,"simplyswords:iron_greataxe":13,"minecraft:crossbow":1,"minecraft:bread":11,"minecraft:iron_pickaxe":128,"minecraft:stone_axe":22,"minecraft:cobblestone":10,"minecraft:bucket":7,"minecraft:andesite":10,"minecraft:oak_boat":1},"minecraft:crafted":{"minecraft:oak_planks":28,"minecraft:furnace":1,"minecraft:iron_boots":1,"minecraft:stone_pickaxe":1,"minecraft:cooked_beef":4,"minecraft:crafting_table":1,"minecraft:wooden_pickaxe":1,"minecraft:iron_helmet":1,"minecraft:stone_axe":1,"minecraft:air":0,"minecraft:iron_chestplate":1,"minecraft:stick":12,"minecraft:iron_ingot":42,"minecraft:gold_ingot":9,"minecraft:iron_leggings":1,"farmersdelight:onion":18}},"DataVersion":3465}