{"stats":{"minecraft:used":{"minecraft:stone_pickaxe":19,"minecraft:wooden_pickaxe":9,"carryon:tile_item":3,"minecraft:stone_axe":16,"minecraft:dirt":5,"minecraft:cobblestone":2,"minecraft:beef":1,"minecraft:crafting_table":2,"tombstone:gift":1},"minecraft:killed_by":{"mineminenomi:pirate_grunt":2,"mineminenomi:bandit_grunt":2},"minecraft:picked_up":{"mineminenomi:bullet":5,"minecraft:crafting_table":2,"xreliquary:zombie_heart":2,"minecraft:leather":8,"minecraft:oak_log":4,"minecraft:dirt":5,"minecraft:leather_boots":1,"minecraft:arrow":1,"minecraft:rotten_flesh":4,"minecraft:beef":9,"minecraft:iron_ore":7,"minecraft:coal":5,"minecraft:cobblestone":16},"minecraft:crafted":{"minecraft:oak_planks":16,"minecraft:crafting_table":1,"minecraft:stick":8,"minecraft:wooden_pickaxe":1,"minecraft:stone_pickaxe":1,"minecraft:stone_axe":1},"minecraft:dropped":{"minecraft:leather":4},"minecraft:mined":{"minecraft:iron_ore":7,"minecraft:crafting_table":2,"minecraft:grass_block":2,"minecraft:coal_ore":5,"minecraft:oak_log":4,"minecraft:dirt":3,"minecraft:stone":16,"minecraft:oak_leaves":3},"minecraft:killed":{"minecraft:skeleton":1,"minecraft:zombie":6},"minecraft:custom":{"minecraft:time_since_rest":3918,"minecraft:sprint_one_cm":100989,"minecraft:damage_taken":1292,"minecraft:walk_one_cm":27658,"minecraft:mob_kills":7,"minecraft:drop":1,"minecraft:damage_dealt":1437,"minecraft:swim_one_cm":7411,"minecraft:interact_with_crafting_table":3,"minecraft:fly_one_cm":94550,"minecraft:crouch_one_cm":3,"minecraft:play_one_minute":16888,"tombstone:undead_killed":7,"minecraft:deaths":4,"minecraft:sneak_time":94,"minecraft:walk_under_water_one_cm":559,"minecraft:jump":446,"minecraft:walk_on_water_one_cm":3350,"minecraft:time_since_death":6000,"minecraft:fall_one_cm":5738}},"DataVersion":2586}