{"stats":{"minecraft:dropped":{"sophisticatedbackpacks:copper_backpack":1},"minecraft:killed":{"minecraft:zombie":3,"minecraft:creeper":1},"minecraft:picked_up":{"electrodynamics:raworelepidolite":8,"heroes:brain":1,"minecraft:crafting_table":2,"minecraft:raw_iron":33,"minecraft:andesite":2,"minecraft:oak_fence":2,"minecraft:oak_log":7,"minecraft:dirt":12,"create:limestone":2,"minecraft:rotten_flesh":3,"minecraft:cobbled_deepslate":9,"sophisticatedbackpacks:copper_backpack":1,"minecraft:coal":16,"minecraft:rail":1,"minecraft:cobblestone":61},"minecraft:custom":{"minecraft:time_since_rest":7586,"minecraft:interact_with_furnace":12,"minecraft:sprint_one_cm":103803,"minecraft:walk_one_cm":38901,"minecraft:damage_taken":395,"minecraft:damage_absorbed":10,"minecraft:mob_kills":4,"minecraft:drop":1,"minecraft:damage_dealt":854,"minecraft:swim_one_cm":1570,"minecraft:interact_with_crafting_table":8,"minecraft:fly_one_cm":76239,"minecraft:open_chest":1,"minecraft:crouch_one_cm":8,"minecraft:play_time":18733,"minecraft:deaths":1,"minecraft:sneak_time":65,"minecraft:walk_under_water_one_cm":2045,"minecraft:jump":348,"minecraft:leave_game":1,"minecraft:walk_on_water_one_cm":2733,"minecraft:time_since_death":7563,"minecraft:climb_one_cm":150,"minecraft:total_world_time":18733,"minecraft:fall_one_cm":12744},"minecraft:killed_by":{"eidolon:wraith":1},"minecraft:mined":{"minecraft:iron_ore":33,"electrodynamics:orelithium":8,"minecraft:andesite":2,"minecraft:oak_fence":2,"minecraft:crafting_table":2,"minecraft:oak_log":7,"minecraft:coal_ore":16,"minecraft:dirt":3,"minecraft:cobblestone":1,"minecraft:stone":54,"create:limestone":2,"minecraft:deepslate":9,"minecraft:spawner":1},"minecraft:used":{"farmersdelight:skillet":10,"minecraft:stone_pickaxe":64,"sophisticatedbackpacks:copper_backpack":1,"minecraft:iron_pickaxe":58,"minecraft:wooden_pickaxe":9,"minecraft:stone_axe":10,"minecraft:golden_apple":1,"minecraft:cobblestone":1,"minecraft:crafting_table":3,"minecraft:furnace":1},"minecraft:crafted":{"minecraft:oak_planks":28,"minecraft:iron_boots":1,"minecraft:crafting_table":1,"minecraft:stick":12,"minecraft:iron_ingot":16,"minecraft:iron_helmet":1,"minecraft:wooden_pickaxe":1,"minecraft:stone_pickaxe":1,"minecraft:iron_leggings":1,"minecraft:furnace":1,"minecraft:stone_axe":1,"minecraft:air":0}},"DataVersion":3465}