{"stats":{"minecraft:used":{"minecraft:diamond_pickaxe":1,"minecraft:stone_shovel":4,"minecraft:stone_pickaxe":19,"minecraft:wooden_pickaxe":9,"carryon:tile_item":3,"minecraft:stone_axe":58,"minecraft:dirt":9,"minecraft:cobblestone":2,"minecraft:beef":4,"minecraft:crafting_table":3,"tombstone:gift":1,"minecraft:egg":1},"minecraft:killed_by":{"mineminenomi:bandit_brute":1,"minecraft:skeleton":1,"mineminenomi:pirate_grunt":3,"mineminenomi:bandit_grunt":2},"minecraft:picked_up":{"mineminenomi:bullet":5,"xreliquary:mob_charm_fragment":2,"minecraft:crafting_table":2,"xreliquary:zombie_heart":2,"minecraft:leather":8,"minecraft:oak_log":4,"mineminenomi:belly_pouch":1,"minecraft:dirt":15,"tconstruct:sky_slime_ball":7,"minecraft:leather_boots":1,"minecraft:arrow":1,"minecraft:rotten_flesh":4,"minecraft:beef":9,"minecraft:iron_ore":7,"minecraft:mutton":2,"minecraft:coal":5,"minecraft:white_wool":1,"minecraft:cobblestone":17,"minecraft:egg":1},"minecraft:crafted":{"minecraft:oak_planks":16,"minecraft:stone_shovel":1,"minecraft:diamond_pickaxe":1,"minecraft:crafting_table":1,"minecraft:stick":12,"minecraft:wooden_pickaxe":1,"minecraft:stone_pickaxe":1,"minecraft:stone_axe":1},"minecraft:broken":{"minecraft:leather_boots":1},"minecraft:dropped":{"minecraft:dirt":2,"minecraft:leather":4},"minecraft:mined":{"minecraft:iron_ore":7,"minecraft:crafting_table":2,"minecraft:grass_block":6,"minecraft:coal_ore":5,"minecraft:oak_log":4,"minecraft:dirt":9,"minecraft:cobblestone":1,"minecraft:stone":16,"minecraft:oak_leaves":3},"minecraft:killed":{"minecraft:skeleton":1,"minecraft:zombie":7,"tconstruct:sky_slime":8},"minecraft:custom":{"minecraft:time_since_rest":1441,"minecraft:sprint_one_cm":185398,"minecraft:damage_taken":2165,"minecraft:walk_one_cm":50796,"minecraft:mob_kills":16,"minecraft:drop":2,"minecraft:damage_dealt":2300,"minecraft:swim_one_cm":9856,"minecraft:interact_with_crafting_table":5,"minecraft:fly_one_cm":173478,"minecraft:open_chest":2,"minecraft:crouch_one_cm":9,"minecraft:play_one_minute":28888,"tombstone:undead_killed":8,"minecraft:deaths":7,"minecraft:sneak_time":109,"minecraft:walk_under_water_one_cm":720,"minecraft:jump":770,"minecraft:interact_with_brewingstand":1,"minecraft:walk_on_water_one_cm":4628,"minecraft:time_since_death":1759,"minecraft:fall_one_cm":11972}},"DataVersion":2586}