{"stats":{"minecraft:dropped":{"sophisticatedbackpacks:iron_backpack":1,"minecraft:cobbled_deepslate":1,"farmersdelight:skillet":1,"minecraft:coal":22,"minecraft:dirt":3,"minecraft:mossy_stone_bricks":1,"minecraft:stone_bricks":1,"sophisticatedbackpacks:copper_backpack":1},"minecraft:killed":{"minecraft:creeper":1,"minecraft:sheep":3,"eidolon:wraith":1,"minecraft:zombie":3,"minecraft:cow":2},"minecraft:picked_up":{"heroes:brain":4,"electrodynamics:raworelepidolite":8,"minecraft:crafting_table":3,"electrodynamics:dustsulfur":3,"minecraft:andesite":20,"minecraft:leather":3,"minecraft:oak_log":7,"minecraft:red_bed":3,"minecraft:dirt":16,"create:limestone":4,"minecraft:stone_bricks":1,"minecraft:cobbled_deepslate":10,"minecraft:beef":8,"minecraft:oak_boat":2,"minecraft:mossy_stone_bricks":1,"minecraft:light_gray_wool":1,"minecraft:sugar_cane":4,"minecraft:furnace":2,"minecraft:raw_iron":46,"minecraft:oak_fence":2,"minecraft:torch":1,"palladium:raw_lead":2,"minecraft:rotten_flesh":3,"sophisticatedbackpacks:copper_backpack":1,"minecraft:mutton":3,"minecraft:coal":43,"minecraft:rail":1,"minecraft:white_wool":2,"minecraft:cobblestone":79},"minecraft:custom":{"minecraft:interact_with_smithing_table":1,"minecraft:interact_with_furnace":34,"minecraft:mob_kills":10,"minecraft:interact_with_crafting_table":14,"minecraft:leave_game":1,"minecraft:time_since_death":4068,"minecraft:sleep_in_bed":2,"minecraft:climb_one_cm":1385,"minecraft:time_since_rest":4093,"minecraft:sprint_one_cm":211249,"minecraft:damage_absorbed":10,"minecraft:damage_taken":1105,"minecraft:walk_one_cm":120982,"minecraft:drop":15,"minecraft:damage_dealt":1731,"minecraft:swim_one_cm":28570,"minecraft:fly_one_cm":1359030,"minecraft:open_chest":5,"minecraft:crouch_one_cm":1427,"minecraft:play_time":60733,"minecraft:deaths":3,"minecraft:sneak_time":482,"minecraft:walk_under_water_one_cm":15461,"minecraft:boat_one_cm":117296,"minecraft:jump":1298,"minecraft:walk_on_water_one_cm":13174,"minecraft:total_world_time":60733,"minecraft:fall_one_cm":109582,"minecraft:horse_one_cm":3564},"minecraft:killed_by":{"alexsmobs:orca":1,"eidolon:wraith":1,"minecraft:drowned":1},"minecraft:mined":{"minecraft:red_bed":3,"electrodynamics:orelithium":8,"minecraft:oak_fence":2,"minecraft:crafting_table":3,"minecraft:torch":1,"minecraft:grass_block":3,"minecraft:cobblestone":6,"palladium:lead_ore":2,"minecraft:sugar_cane":2,"minecraft:spawner":1,"minecraft:pink_petals":1,"minecraft:furnace":2,"electrodynamics:oresulfur":1,"minecraft:iron_ore":46,"minecraft:cobbled_deepslate":1,"minecraft:andesite":20,"minecraft:stone_brick_stairs":1,"minecraft:coal_ore":16,"minecraft:oak_log":7,"minecraft:dirt":4,"minecraft:stone_bricks":2,"minecraft:stone":67,"minecraft:mossy_stone_bricks":1,"create:limestone":4,"minecraft:deepslate":9},"minecraft:used":{"minecraft:water_bucket":6,"farmersdelight:skillet":25,"minecraft:stone_pickaxe":64,"sophisticatedbackpacks:copper_backpack":1,"minecraft:wooden_pickaxe":9,"minecraft:torch":2,"minecraft:golden_apple":1,"minecraft:mutton":3,"minecraft:crafting_table":3,"minecraft:red_bed":2,"minecraft:iron_pickaxe":119,"minecraft:stone_axe":18,"minecraft:cobblestone":10,"minecraft:beef":4,"minecraft:furnace":2,"ars_nouveau:sourceberry_bush":2,"minecraft:andesite":10,"minecraft:bucket":7,"minecraft:oak_boat":1,"minecraft:cooked_beef":4,"minecraft:cobbled_deepslate":1},"minecraft:crafted":{"minecraft:cooked_beef":4,"minecraft:oak_planks":28,"minecraft:crafting_table":1,"minecraft:wooden_pickaxe":1,"minecraft:iron_helmet":1,"minecraft:furnace":1,"minecraft:stone_axe":1,"minecraft:air":0,"minecraft:iron_boots":1,"minecraft:iron_chestplate":1,"minecraft:stick":12,"minecraft:iron_ingot":33,"minecraft:stone_pickaxe":1,"minecraft:iron_leggings":1}},"DataVersion":3465}