{"stats":{"minecraft:custom":{"minecraft:mob_kills":52,"minecraft:interact_with_crafting_table":42,"minecraft:open_barrel":23,"minecraft:leave_game":1,"minecraft:time_since_death":5107,"minecraft:climb_one_cm":1853,"minecraft:sprint_one_cm":393850,"minecraft:walk_one_cm":203221,"minecraft:drop":13,"minecraft:deaths":20,"minecraft:sneak_time":266,"minecraft:walk_under_water_one_cm":2215,"minecraft:jump":2210,"minecraft:interact_with_brewingstand":1,"minecraft:interact_with_blast_furnace":4,"minecraft:walk_on_water_one_cm":15071,"minecraft:interact_with_furnace":17,"tombstone:raider_killed":12,"minecraft:play_one_minute":99451,"minecraft:sleep_in_bed":3,"minecraft:time_since_rest":4882,"minecraft:damage_taken":5834,"minecraft:damage_dealt":9660,"minecraft:swim_one_cm":43074,"minecraft:fly_one_cm":410645,"minecraft:open_chest":15,"minecraft:crouch_one_cm":150,"tombstone:undead_killed":15,"minecraft:fall_one_cm":49575},"minecraft:mined":{"minecraft:diamond_ore":25,"minecraft:spruce_planks":18,"farmersdelight:wild_carrots":6,"minecraft:granite":6,"minecraft:grass_block":15,"minecraft:spruce_leaves":3,"minecraft:furnace":1,"minecraft:iron_ore":33,"minecraft:fire":26,"minecraft:andesite":23,"minecraft:stone":220,"minecraft:spruce_slab":3,"minecraft:gray_terracotta":2,"minecraft:crafting_table":7,"minecraft:tall_grass":1,"minecraft:cobblestone":7,"minecraft:lapis_ore":6,"minecraft:sugar_cane":8,"minecraft:diorite":38,"minecraft:blue_bed":3,"minecraft:purple_wool":2,"minecraft:dark_oak_slab":6,"minecraft:magenta_terracotta":6,"minecraft:yellow_bed":7,"minecraft:grass":4,"minecraft:oak_log":13,"minecraft:coal_ore":8,"minecraft:gravel":6,"minecraft:sand":91,"minecraft:dirt":21,"minecraft:polished_andesite":1,"minecraft:oak_leaves":4,"minecraft:fern":1},"minecraft:broken":{"minecraft:leather_boots":1,"minecraft:iron_helmet":1},"minecraft:crafted":{"minecraft:oak_planks":56,"minecraft:stone_shovel":1,"minecraft:furnace":1,"minecraft:glass":9,"minecraft:diamond_leggings":1,"minecraft:iron_boots":1,"minecraft:stone_pickaxe":1,"minecraft:chest":1,"mineminenomi:cola":7,"sophisticatedbackpacks:iron_backpack":1,"minecraft:cooked_beef":1,"minecraft:sugar":12,"minecraft:glass_bottle":6,"minecraft:diamond_sword":1,"sophisticatedbackpacks:backpack":1,"minecraft:diamond_axe":1,"minecraft:crafting_table":2,"minecraft:wooden_pickaxe":1,"sophisticatedbackpacks:gold_backpack":1,"minecraft:stone_axe":1,"minecraft:air":0,"minecraft:diamond_pickaxe":1,"minecraft:stick":16,"minecraft:iron_ingot":21,"minecraft:iron_leggings":1,"minecraft:diamond_chestplate":1},"minecraft:picked_up":{"minecraft:cocoa_beans":1,"minecraft:crafting_table":7,"minecraft:purple_wool":6,"minecraft:ladder":4,"minecraft:chicken":1,"mineminenomi:cola":3,"minecraft:string":9,"minecraft:diamond_leggings":1,"minecraft:spruce_planks":18,"minecraft:beef":9,"minecraft:spruce_slab":3,"minecraft:sugar_cane":40,"minecraft:chest":1,"minecraft:egg":1,"minecraft:furnace":1,"minecraft:stick":5,"xreliquary:zombie_heart":2,"tombstone:grave_dust":1,"minecraft:diorite":38,"minecraft:carrot":6,"tconstruct:sky_slime_ball":7,"minecraft:arrow":1,"minecraft:rotten_flesh":10,"minecraft:mutton":7,"minecraft:cobblestone":228,"minecraft:white_wool":4,"minecraft:andesite":24,"minecraft:leather":8,"mineminenomi:ultra_cola":2,"minecraft:oak_log":39,"minecraft:yellow_bed":7,"mineminenomi:belly_pouch":4,"minecraft:dirt":47,"minecraft:lapis_lazuli":35,"minecraft:magenta_terracotta":6,"minecraft:blue_bed":3,"minecraft:leather_boots":1,"minecraft:glass":11,"minecraft:gray_terracotta":2,"minecraft:wheat_seeds":2,"minecraft:iron_ore":33,"tombstone:bag_of_seeds":2,"minecraft:glass_bottle":2,"minecraft:glowstone_dust":1,"minecraft:oak_planks":15,"mineminenomi:bullet":8,"xreliquary:mob_charm_fragment":2,"minecraft:dark_oak_slab":8,"minecraft:gravel":6,"xreliquary:witch_hat":1,"minecraft:sand":89,"minecraft:spruce_sapling":1,"minecraft:ink_sac":6,"minecraft:polished_andesite":1,"minecraft:sugar":2,"minecraft:diamond":25,"minecraft:granite":6,"minecraft:coal":8,"minecraft:diamond_pickaxe":1},"minecraft:killed_by":{"mineminenomi:bandit_brute":1,"mineminenomi:pirate_brute":1,"mineminenomi:pirate_grunt":4,"minecraft:vindicator":1,"minecraft:skeleton":1,"minecraft:witch":1,"mineminenomi:bandit_grunt":11},"minecraft:dropped":{"minecraft:wheat_seeds":2,"minecraft:cobblestone":1,"minecraft:leather":4,"minecraft:dirt":13,"tombstone:bag_of_seeds":1,"minecraft:string":4,"minecraft:cocoa_beans":1,"minecraft:rotten_flesh":1,"minecraft:oak_planks":1,"minecraft:gray_terracotta":2,"minecraft:diamond_pickaxe":1},"minecraft:killed":{"minecraft:witch":4,"minecraft:spider":1,"minecraft:vindicator":1,"tconstruct:sky_slime":8,"minecraft:skeleton":1,"mineminenomi:pirate_grunt":3,"minecraft:zombie_villager":1,"minecraft:sheep":3,"minecraft:pillager":7,"minecraft:zombie":13,"mineminenomi:bandit_grunt":6},"minecraft:used":{"minecraft:stone_shovel":117,"minecraft:spruce_slab":1,"minecraft:chest":1,"minecraft:spruce_planks":18,"minecraft:dirt":19,"minecraft:dark_oak_slab":6,"mineminenomi:cola":4,"carryon:tile_item":3,"minecraft:beef":7,"minecraft:magenta_terracotta":6,"minecraft:furnace":1,"tombstone:gift":2,"minecraft:egg":1,"minecraft:cooked_beef":1,"minecraft:potato":2,"minecraft:stone_pickaxe":19,"minecraft:polished_andesite":1,"minecraft:wooden_pickaxe":9,"minecraft:sugar_cane":2,"minecraft:blue_bed":1,"minecraft:diamond_axe":34,"mineminenomi:ultra_cola":2,"minecraft:sand":3,"minecraft:crafting_table":6,"tombstone:bag_of_seeds":1,"minecraft:diamond_pickaxe":358,"minecraft:apple":6,"minecraft:gravel":5,"minecraft:stone_axe":61,"minecraft:diamond_sword":249,"minecraft:cobblestone":95,"minecraft:andesite":12,"minecraft:yellow_bed":7,"minecraft:pumpkin_pie":1}},"DataVersion":2586}