{"stats":{"minecraft:used":{"minecraft:cooked_mutton":4,"minecraft:diorite":1,"minecraft:stone_sword":27,"minecraft:oak_planks":2,"minecraft:stone_pickaxe":181,"minecraft:wooden_pickaxe":27,"minecraft:spruce_planks":6,"minecraft:shield":63,"minecraft:cooked_salmon":3,"minecraft:rotten_flesh":3,"minecraft:salmon":1,"minecraft:torch":48,"minecraft:dirt":20,"minecraft:crafting_table":6,"minecraft:smoker":1,"minecraft:grass_block":1,"minecraft:iron_axe":77,"minecraft:bread":1,"minecraft:iron_pickaxe":76,"minecraft:gravel":12,"minecraft:stone_axe":46,"minecraft:cobblestone":75,"minecraft:bow":1,"minecraft:furnace":5,"minecraft:cooked_porkchop":4,"minecraft:andesite":5,"minecraft:bucket":1,"tombstone:gift":4},"minecraft:killed_by":{"minecraft:zombie":1,"mineminenomi:pirate_grunt":2,"mineminenomi:bandit_grunt":2,"mineminenomi:bandit_sniper":1,"mineminenomi:brawler_trainer":1},"minecraft:picked_up":{"minecraft:crafting_table":5,"minecraft:anvil":1,"minecraft:andesite":5,"minecraft:salmon":4,"tconstruct:materials_and_you":1,"minecraft:smoker":2,"minecraft:dirt":55,"minecraft:string":22,"minecraft:cooked_mutton":2,"minecraft:bone":14,"minecraft:bow":1,"minecraft:wheat_seeds":2,"minecraft:spruce_planks":13,"minecraft:iron_ingot":5,"minecraft:iron_ore":53,"minecraft:lectern":1,"minecraft:cyan_concrete":3,"minecraft:sugar_cane":21,"minecraft:oak_planks":10,"minecraft:furnace":5,"mineminenomi:bullet":14,"tconstruct:copper_ore":5,"xreliquary:zombie_heart":1,"minecraft:torch":4,"minecraft:gravel":12,"minecraft:porkchop":7,"minecraft:spruce_sapling":1,"minecraft:ink_sac":1,"tombstone:grave_dust":4,"minecraft:diorite":1,"minecraft:grass_block":1,"minecraft:spruce_log":21,"minecraft:arrow":17,"minecraft:rotten_flesh":19,"minecraft:stone_axe":2,"minecraft:granite":16,"xreliquary:rib_bone":2,"minecraft:mutton":4,"minecraft:coal":13,"minecraft:white_wool":2,"minecraft:cobblestone":164},"minecraft:crafted":{"minecraft:cooked_porkchop":7,"minecraft:crafting_table":2,"minecraft:spruce_planks":40,"minecraft:spruce_button":1,"minecraft:wooden_pickaxe":2,"minecraft:furnace":3,"minecraft:cooked_salmon":3,"minecraft:bucket":1,"minecraft:stone_axe":2,"minecraft:cooked_mutton":2,"minecraft:air":0,"minecraft:shield":1,"minecraft:iron_axe":1,"minecraft:stick":28,"minecraft:iron_ingot":14,"minecraft:iron_pickaxe":1,"minecraft:stone_pickaxe":2,"minecraft:stone_sword":1,"minecraft:torch":44},"minecraft:dropped":{"minecraft:stone_axe":3,"minecraft:wheat_seeds":2,"minecraft:stone_sword":1,"minecraft:spruce_button":1,"tconstruct:materials_and_you":1,"tconstruct:copper_ore":5,"minecraft:stone_pickaxe":1,"minecraft:wooden_pickaxe":2},"minecraft:broken":{"minecraft:stone_pickaxe":1},"minecraft:mined":{"tconstruct:copper_ore":5,"mineminenomi:design_barrel":1,"minecraft:spruce_planks":6,"minecraft:smoker":2,"minecraft:torch":1,"minecraft:crafting_table":5,"minecraft:granite":16,"minecraft:grass_block":10,"minecraft:lectern":1,"minecraft:cobblestone":4,"minecraft:spruce_leaves":3,"minecraft:grindstone":1,"minecraft:sugar_cane":9,"minecraft:oak_planks":8,"minecraft:diorite":1,"minecraft:large_fern":1,"farmersdelight:wild_onions":1,"minecraft:furnace":5,"minecraft:iron_ore":55,"minecraft:andesite":5,"minecraft:spruce_log":22,"minecraft:anvil":1,"minecraft:grass":4,"minecraft:coal_ore":13,"minecraft:gravel":7,"minecraft:dirt":33,"minecraft:cobweb":23,"minecraft:stone":155,"minecraft:oak_leaves":3,"minecraft:fern":1},"minecraft:killed":{"minecraft:pig":3,"minecraft:salmon":5,"minecraft:spider":1,"minecraft:sheep":2,"minecraft:skeleton":9,"minecraft:zombie":14,"mineminenomi:bandit_grunt":1,"minecraft:enderman":1},"minecraft:custom":{"minecraft:interact_with_furnace":14,"minecraft:mob_kills":38,"tombstone:raider_killed":7,"minecraft:interact_with_crafting_table":15,"minecraft:play_one_minute":60706,"minecraft:leave_game":6,"minecraft:time_since_death":2984,"minecraft:sleep_in_bed":1,"minecraft:time_since_rest":2395,"minecraft:sprint_one_cm":154949,"minecraft:damage_taken":3269,"minecraft:walk_one_cm":77273,"minecraft:drop":12,"minecraft:damage_dealt":6408,"minecraft:talked_to_villager":2,"minecraft:swim_one_cm":21000,"minecraft:fly_one_cm":146857,"minecraft:open_chest":4,"minecraft:crouch_one_cm":8924,"tombstone:undead_killed":23,"minecraft:deaths":7,"minecraft:sneak_time":6498,"minecraft:walk_under_water_one_cm":6187,"minecraft:jump":821,"minecraft:walk_on_water_one_cm":14526,"minecraft:interact_with_smoker":2,"minecraft:fall_one_cm":15879}},"DataVersion":2586}