{"stats":{"minecraft:used":{"minecraft:stone_sword":27,"minecraft:spruce_planks":9,"minecraft:chest":1,"minecraft:shield":81,"minecraft:white_terracotta":3,"minecraft:cooked_salmon":3,"minecraft:rotten_flesh":3,"minecraft:torch":48,"mineminenomi:den_den_mushi":1,"minecraft:dirt":20,"artifacts:umbrella":4,"minecraft:iron_axe":422,"minecraft:grass_block":1,"minecraft:bow":1,"minecraft:furnace":9,"tombstone:gift":4,"minecraft:cooked_mutton":4,"minecraft:diorite":1,"minecraft:stone_pickaxe":181,"minecraft:oak_planks":55,"minecraft:wooden_pickaxe":27,"minecraft:composter":2,"minecraft:fletching_table":1,"minecraft:salmon":1,"minecraft:crafting_table":13,"minecraft:smoker":2,"minecraft:bread":24,"minecraft:iron_pickaxe":99,"minecraft:spruce_sapling":7,"minecraft:gravel":35,"minecraft:stone_axe":46,"minecraft:cobblestone":134,"minecraft:cooked_porkchop":7,"minecraft:bucket":1,"minecraft:andesite":5,"minecraft:bone_meal":14},"minecraft:killed_by":{"mineminenomi:pirate_grunt":2,"mineminenomi:brawler_trainer":1,"minecraft:zombie":1,"mineminenomi:bandit_grunt":3,"mineminenomi:bandit_sniper":1},"minecraft:picked_up":{"minecraft:crafting_table":7,"minecraft:anvil":1,"minecraft:smithing_table":1,"tconstruct:materials_and_you":1,"minecraft:shield":1,"minecraft:string":24,"minecraft:spruce_planks":26,"minecraft:beef":4,"minecraft:observer":1,"minecraft:lectern":1,"minecraft:sugar_cane":21,"minecraft:furnace":9,"minecraft:stick":9,"xreliquary:zombie_heart":1,"minecraft:composter":3,"minecraft:torch":10,"minecraft:porkchop":10,"tombstone:grave_dust":7,"minecraft:diorite":1,"minecraft:arrow":22,"minecraft:rotten_flesh":21,"minecraft:white_terracotta":3,"minecraft:mutton":4,"minecraft:white_wool":2,"minecraft:cobblestone":172,"minecraft:salmon":4,"minecraft:andesite":5,"minecraft:leather":6,"minecraft:smoker":3,"minecraft:flint":2,"minecraft:oak_log":225,"minecraft:yellow_bed":1,"minecraft:dirt":56,"minecraft:cooked_mutton":2,"minecraft:bone":23,"minecraft:bow":1,"minecraft:wheat_seeds":6,"minecraft:iron_ingot":44,"minecraft:iron_ore":53,"minecraft:cyan_concrete":3,"minecraft:oak_planks":15,"mineminenomi:bullet":14,"tconstruct:copper_ore":5,"minecraft:sweet_berries":3,"minecraft:gravel":35,"minecraft:spruce_sapling":11,"minecraft:white_bed":1,"minecraft:ink_sac":3,"minecraft:spruce_log":41,"minecraft:grass_block":1,"minecraft:loom":2,"minecraft:spider_eye":2,"minecraft:slime_ball":40,"minecraft:stone_axe":2,"minecraft:granite":16,"xreliquary:rib_bone":2,"minecraft:coal":13},"minecraft:crafted":{"minecraft:oak_planks":604,"minecraft:spruce_button":1,"minecraft:furnace":3,"minecraft:bone_meal":42,"minecraft:cooked_mutton":2,"minecraft:iron_axe":3,"minecraft:stone_pickaxe":2,"minecraft:chest":3,"tconstruct:earth_congealed_slime":1,"sophisticatedbackpacks:backpack":1,"minecraft:arrow":32,"minecraft:emerald":30,"minecraft:cooked_porkchop":7,"minecraft:crafting_table":6,"minecraft:spruce_planks":164,"minecraft:wooden_pickaxe":2,"minecraft:cooked_salmon":3,"minecraft:fletching_table":1,"minecraft:bucket":1,"minecraft:stone_axe":2,"minecraft:bread":60,"minecraft:air":0,"tconstruct:earth_slime_sling":1,"minecraft:iron_chestplate":1,"minecraft:shield":2,"minecraft:stick":1232,"minecraft:iron_ingot":14,"minecraft:iron_pickaxe":1,"minecraft:stone_sword":1,"minecraft:iron_leggings":1,"minecraft:torch":44},"minecraft:broken":{"minecraft:stone_pickaxe":1,"minecraft:shield":1,"minecraft:iron_axe":1},"minecraft:dropped":{"minecraft:porkchop":3,"minecraft:wheat_seeds":6,"minecraft:oak_log":26,"minecraft:observer":1,"minecraft:spruce_button":1,"tconstruct:materials_and_you":1,"minecraft:ink_sac":2,"tconstruct:copper_ore":5,"tombstone:grave_dust":3,"minecraft:iron_axe":1,"minecraft:string":4,"minecraft:white_wool":2,"minecraft:stone_axe":3,"minecraft:sugar_cane":21,"xreliquary:zombie_heart":1,"minecraft:stone_sword":1,"minecraft:shield":1,"minecraft:chest":1,"minecraft:spider_eye":2,"minecraft:stone_pickaxe":1,"minecraft:wooden_pickaxe":2},"minecraft:mined":{"mineminenomi:design_barrel":1,"minecraft:spruce_planks":9,"minecraft:white_bed":1,"minecraft:granite":16,"minecraft:grass_block":10,"minecraft:spruce_leaves":20,"minecraft:composter":3,"minecraft:large_fern":1,"farmersdelight:wild_onions":1,"minecraft:spruce_sapling":4,"minecraft:furnace":9,"minecraft:iron_ore":55,"minecraft:andesite":5,"minecraft:anvil":1,"minecraft:oak_stairs":1,"tconstruct:earth_congealed_slime":12,"minecraft:stone":155,"tconstruct:copper_ore":5,"minecraft:smithing_table":1,"minecraft:glass_pane":5,"minecraft:smoker":3,"minecraft:crafting_table":7,"minecraft:torch":1,"minecraft:lectern":1,"minecraft:tall_grass":6,"minecraft:cobblestone":12,"minecraft:grindstone":1,"minecraft:oak_planks":13,"minecraft:sugar_cane":9,"minecraft:diorite":1,"minecraft:wall_torch":4,"minecraft:white_terracotta":3,"minecraft:sweet_berry_bush":1,"minecraft:spruce_log":42,"minecraft:yellow_bed":1,"minecraft:grass":15,"minecraft:oak_log":229,"minecraft:coal_ore":13,"minecraft:dirt":34,"minecraft:gravel":32,"minecraft:loom":2,"minecraft:cobweb":23,"minecraft:stonecutter":1,"minecraft:oak_leaves":7,"minecraft:fern":2},"minecraft:killed":{"minecraft:spider":7,"minecraft:horse":7,"minecraft:skeleton":12,"minecraft:pig":4,"minecraft:salmon":5,"minecraft:sheep":2,"minecraft:zombie":18,"minecraft:donkey":1,"mineminenomi:bandit_grunt":1,"minecraft:cow":3,"minecraft:enderman":1},"minecraft:custom":{"minecraft:mob_kills":65,"minecraft:interact_with_crafting_table":28,"minecraft:leave_game":7,"minecraft:time_since_death":12263,"minecraft:climb_one_cm":1312,"minecraft:sprint_one_cm":329434,"minecraft:walk_one_cm":174893,"minecraft:drop":35,"minecraft:talked_to_villager":17,"minecraft:deaths":8,"minecraft:sneak_time":7730,"minecraft:walk_under_water_one_cm":8260,"minecraft:jump":2414,"minecraft:walk_on_water_one_cm":21495,"minecraft:interact_with_furnace":18,"tombstone:raider_killed":7,"minecraft:traded_with_villager":42,"minecraft:play_one_minute":120403,"minecraft:sleep_in_bed":3,"minecraft:time_since_rest":11445,"minecraft:damage_taken":4807,"minecraft:damage_dealt":11246,"minecraft:fly_one_cm":878378,"minecraft:swim_one_cm":22179,"minecraft:open_chest":17,"minecraft:crouch_one_cm":12283,"tombstone:undead_killed":30,"minecraft:interact_with_smoker":2,"minecraft:fall_one_cm":132830}},"DataVersion":2586}