{"stats":{"minecraft:killed":{"minecraft:sheep":2,"minecraft:zombie":1,"minecraft:salmon":1,"mineminenomi:bandit_grunt":1},"minecraft:custom":{"minecraft:time_since_rest":9527,"minecraft:sprint_one_cm":17156,"minecraft:damage_taken":695,"minecraft:walk_one_cm":10437,"minecraft:mob_kills":5,"minecraft:damage_dealt":679,"minecraft:swim_one_cm":9531,"minecraft:interact_with_crafting_table":3,"minecraft:fly_one_cm":12523,"tombstone:undead_killed":1,"minecraft:play_one_minute":17379,"minecraft:crouch_one_cm":4630,"minecraft:deaths":2,"minecraft:sneak_time":3043,"minecraft:walk_under_water_one_cm":2255,"minecraft:jump":100,"minecraft:leave_game":4,"minecraft:time_since_death":9916,"minecraft:walk_on_water_one_cm":5705,"minecraft:fall_one_cm":1800},"minecraft:picked_up":{"mineminenomi:bullet":7,"minecraft:crafting_table":1,"tconstruct:copper_ore":5,"xreliquary:zombie_heart":1,"minecraft:salmon":2,"minecraft:torch":1,"minecraft:spruce_log":7,"minecraft:dirt":22,"minecraft:granite":7,"minecraft:iron_ore":14,"minecraft:mutton":4,"minecraft:coal":10,"minecraft:white_wool":2,"minecraft:cobblestone":93},"minecraft:killed_by":{"mineminenomi:bandit_grunt":1,"mineminenomi:bandit_sniper":1},"minecraft:used":{"minecraft:stone_pickaxe":122,"minecraft:wooden_pickaxe":8,"minecraft:stone_axe":5,"minecraft:salmon":1,"minecraft:torch":10,"minecraft:dirt":14,"minecraft:crafting_table":1},"minecraft:mined":{"tconstruct:copper_ore":5,"minecraft:iron_ore":14,"minecraft:spruce_log":7,"minecraft:crafting_table":1,"minecraft:granite":7,"minecraft:grass_block":5,"minecraft:coal_ore":10,"minecraft:dirt":17,"minecraft:stone":93},"minecraft:crafted":{"minecraft:crafting_table":1,"minecraft:spruce_planks":28,"minecraft:stick":16,"minecraft:spruce_button":1,"minecraft:wooden_pickaxe":1,"minecraft:stone_pickaxe":1,"minecraft:torch":20,"minecraft:stone_axe":1}},"DataVersion":2586}