{"stats":{"minecraft:used":{"minecraft:stone_sword":27,"minecraft:spruce_planks":6,"minecraft:chest":1,"minecraft:shield":69,"minecraft:cooked_salmon":3,"minecraft:rotten_flesh":3,"minecraft:torch":48,"mineminenomi:den_den_mushi":1,"minecraft:dirt":20,"artifacts:umbrella":1,"minecraft:iron_axe":128,"minecraft:grass_block":1,"minecraft:bow":1,"minecraft:furnace":6,"tombstone:gift":4,"minecraft:cooked_mutton":4,"minecraft:diorite":1,"minecraft:stone_pickaxe":181,"minecraft:oak_planks":2,"minecraft:wooden_pickaxe":27,"minecraft:composter":2,"minecraft:salmon":1,"minecraft:crafting_table":8,"minecraft:smoker":2,"minecraft:bread":3,"minecraft:iron_pickaxe":83,"minecraft:spruce_sapling":2,"minecraft:gravel":16,"minecraft:stone_axe":46,"minecraft:cobblestone":77,"minecraft:cooked_porkchop":7,"minecraft:bucket":1,"minecraft:andesite":5,"minecraft:bone_meal":9},"minecraft:killed_by":{"mineminenomi:pirate_grunt":2,"mineminenomi:brawler_trainer":1,"minecraft:zombie":1,"mineminenomi:bandit_grunt":2,"mineminenomi:bandit_sniper":1},"minecraft:picked_up":{"minecraft:crafting_table":5,"minecraft:anvil":1,"tconstruct:materials_and_you":1,"minecraft:shield":1,"minecraft:string":22,"minecraft:spruce_planks":23,"minecraft:lectern":1,"minecraft:sugar_cane":21,"minecraft:furnace":6,"minecraft:stick":2,"xreliquary:zombie_heart":1,"minecraft:composter":3,"minecraft:torch":4,"minecraft:porkchop":7,"tombstone:grave_dust":6,"minecraft:diorite":1,"minecraft:arrow":17,"minecraft:rotten_flesh":19,"minecraft:white_terracotta":3,"minecraft:mutton":4,"minecraft:white_wool":2,"minecraft:cobblestone":164,"minecraft:salmon":4,"minecraft:andesite":5,"minecraft:leather":4,"minecraft:smoker":3,"minecraft:flint":2,"minecraft:dirt":56,"minecraft:cooked_mutton":2,"minecraft:bone":19,"minecraft:bow":1,"minecraft:wheat_seeds":2,"minecraft:iron_ingot":44,"minecraft:iron_ore":53,"minecraft:cyan_concrete":3,"minecraft:oak_planks":10,"mineminenomi:bullet":14,"tconstruct:copper_ore":5,"minecraft:gravel":33,"minecraft:spruce_sapling":4,"minecraft:ink_sac":1,"minecraft:spruce_log":34,"minecraft:grass_block":1,"minecraft:loom":2,"minecraft:spider_eye":2,"minecraft:stone_axe":2,"minecraft:granite":16,"xreliquary:rib_bone":2,"minecraft:coal":13},"minecraft:crafted":{"minecraft:spruce_button":1,"minecraft:furnace":3,"minecraft:bone_meal":42,"minecraft:cooked_mutton":2,"minecraft:iron_axe":1,"minecraft:stone_pickaxe":2,"minecraft:chest":1,"minecraft:cooked_porkchop":7,"minecraft:crafting_table":3,"minecraft:spruce_planks":88,"minecraft:wooden_pickaxe":2,"minecraft:cooked_salmon":3,"minecraft:bucket":1,"minecraft:stone_axe":2,"minecraft:bread":12,"minecraft:air":0,"minecraft:shield":1,"minecraft:stick":28,"minecraft:iron_ingot":14,"minecraft:iron_pickaxe":1,"minecraft:stone_sword":1,"minecraft:torch":44},"minecraft:broken":{"minecraft:stone_pickaxe":1},"minecraft:dropped":{"minecraft:wheat_seeds":2,"minecraft:spruce_button":1,"tconstruct:materials_and_you":1,"tconstruct:copper_ore":5,"tombstone:grave_dust":2,"minecraft:stone_axe":3,"minecraft:stone_sword":1,"minecraft:shield":1,"minecraft:spider_eye":2,"minecraft:stone_pickaxe":1,"minecraft:wooden_pickaxe":2},"minecraft:mined":{"mineminenomi:design_barrel":1,"minecraft:spruce_planks":6,"minecraft:granite":16,"minecraft:grass_block":10,"minecraft:spruce_leaves":6,"minecraft:composter":3,"minecraft:large_fern":1,"farmersdelight:wild_onions":1,"minecraft:furnace":6,"minecraft:iron_ore":55,"minecraft:andesite":5,"minecraft:anvil":1,"minecraft:stone":155,"tconstruct:copper_ore":5,"minecraft:smoker":3,"minecraft:crafting_table":5,"minecraft:torch":1,"minecraft:lectern":1,"minecraft:cobblestone":4,"minecraft:grindstone":1,"minecraft:oak_planks":8,"minecraft:sugar_cane":9,"minecraft:diorite":1,"minecraft:white_terracotta":3,"minecraft:spruce_log":35,"minecraft:grass":5,"minecraft:coal_ore":13,"minecraft:dirt":34,"minecraft:gravel":30,"minecraft:loom":2,"minecraft:cobweb":23,"minecraft:stonecutter":1,"minecraft:oak_leaves":3,"minecraft:fern":1},"minecraft:killed":{"minecraft:spider":5,"minecraft:horse":7,"minecraft:skeleton":10,"minecraft:pig":3,"minecraft:salmon":5,"minecraft:sheep":2,"minecraft:zombie":14,"minecraft:donkey":1,"mineminenomi:bandit_grunt":1,"minecraft:enderman":1},"minecraft:custom":{"minecraft:mob_kills":51,"minecraft:interact_with_crafting_table":16,"minecraft:leave_game":6,"minecraft:time_since_death":14984,"minecraft:sprint_one_cm":194642,"minecraft:walk_one_cm":97573,"minecraft:drop":16,"minecraft:talked_to_villager":4,"minecraft:deaths":7,"minecraft:sneak_time":6660,"minecraft:walk_under_water_one_cm":7192,"minecraft:jump":1188,"minecraft:walk_on_water_one_cm":15764,"minecraft:interact_with_furnace":16,"tombstone:raider_killed":7,"minecraft:traded_with_villager":2,"minecraft:play_one_minute":72706,"minecraft:sleep_in_bed":2,"minecraft:time_since_rest":0,"minecraft:damage_taken":3589,"minecraft:damage_dealt":9095,"minecraft:fly_one_cm":256212,"minecraft:swim_one_cm":22179,"minecraft:open_chest":12,"minecraft:crouch_one_cm":8924,"tombstone:undead_killed":24,"minecraft:interact_with_smoker":2,"minecraft:fall_one_cm":35932}},"DataVersion":2586}