{"stats":{"minecraft:mined":{"minecraft:dark_oak_planks":3,"minecraft:spruce_planks":22,"minecraft:white_bed":3,"minecraft:brewing_stand":1,"minecraft:obsidian":11,"minecraft:spruce_trapdoor":1,"minecraft:grass_block":10,"minecraft:white_concrete":14,"minecraft:polished_blackstone_brick_slab":4,"minecraft:nether_wart":15,"minecraft:polished_blackstone_bricks":7,"minecraft:magma_block":6,"minecraft:barrel":4,"minecraft:anvil":4,"minecraft:fletching_table":3,"minecraft:light_gray_concrete":3,"minecraft:stripped_bamboo_block":2,"minecraft:iron_block":10,"minecraft:spruce_slab":2,"minecraft:blackstone":1,"minecraft:polished_deepslate_stairs":1,"minecraft:crimson_nylium":2,"minecraft:smoker":44,"minecraft:clay":1,"minecraft:blast_furnace":2,"minecraft:chest":2,"minecraft:nether_quartz_ore":1,"minecraft:cobblestone":9,"minecraft:oak_planks":1,"minecraft:grindstone":4,"minecraft:iron_door":1,"minecraft:bamboo_planks":1,"minecraft:birch_log":6,"minecraft:stone_brick_stairs":1,"minecraft:smooth_stone_slab":2,"minecraft:grass":1,"minecraft:dirt":24,"minecraft:wither_skeleton_skull":10,"minecraft:ancient_debris":3,"minecraft:netherrack":315,"minecraft:oak_leaves":10,"minecraft:diamond_ore":9,"minecraft:nether_bricks":44,"minecraft:chiseled_bookshelf":2,"minecraft:birch_slab":1,"minecraft:spruce_leaves":27,"minecraft:large_fern":4,"minecraft:hay_block":112,"minecraft:furnace":18,"minecraft:bookshelf":37,"minecraft:lantern":1,"minecraft:stone":47,"minecraft:smithing_table":3,"minecraft:gray_concrete":1,"minecraft:glass_pane":2,"minecraft:soul_sand":22,"minecraft:basalt":72,"minecraft:crafting_table":10,"minecraft:lectern":3,"minecraft:tall_grass":1,"minecraft:lapis_ore":8,"minecraft:blue_bed":1,"minecraft:spruce_stairs":1,"minecraft:purple_bed":6,"minecraft:sweet_berry_bush":5,"minecraft:spruce_log":54,"minecraft:black_wool":7,"minecraft:gravel":4,"minecraft:lodestone":1,"minecraft:polished_blackstone":2,"minecraft:fern":1},"minecraft:broken":{"minecraft:iron_helmet":1},"minecraft:picked_up":{"jujutsucraft:slaughter_demon":3,"minecraft:anvil":4,"minecraft:smithing_table":3,"jujutsucraft:uniform_normal_boots":3,"minecraft:lead":2,"jujutsucraft:cursed_technique_changer":1,"minecraft:stone_brick_stairs":1,"minecraft:brewing_stand":1,"minecraft:smooth_stone_slab":2,"minecraft:spruce_planks":50,"minecraft:iron_pickaxe":1,"minecraft:dark_oak_door":1,"minecraft:furnace":18,"minecraft:polished_blackstone_brick_slab":4,"minecraft:stick":10,"minecraft:polished_blackstone_stairs":1,"minecraft:polished_deepslate_stairs":2,"minecraft:porkchop":3,"jujutsucraft:naginata":4,"minecraft:iron_block":10,"minecraft:obsidian":11,"minecraft:cobblestone":52,"minecraft:birch_log":6,"jujutsucraft:clothes_kusakabe_chestplate":2,"minecraft:magma_block":6,"minecraft:cooked_beef":5,"minecraft:iron_door":1,"minecraft:smoker":43,"minecraft:flint":6,"minecraft:wither_skeleton_skull":10,"minecraft:gray_concrete":2,"minecraft:lapis_lazuli":46,"minecraft:dirt":67,"minecraft:lantern":16,"minecraft:stripped_bamboo_block":2,"minecraft:bone":9,"jujutsucraft:cursed_technique_starter":1,"minecraft:wheat_seeds":4,"jujutsucraft:split_soul_katana":1,"minecraft:grindstone":4,"minecraft:fletching_table":3,"minecraft:oak_planks":5,"minecraft:ink_sac":20,"jujutsucraft:uniform_gojo_chestplate":1,"minecraft:grass_block":8,"minecraft:barrel":4,"minecraft:light_gray_concrete":7,"minecraft:diamond":9,"minecraft:lever":1,"minecraft:writable_book":2,"jujutsucraft:clothes_kashimo_hajime_chestplate":1,"jujutsucraft:uniform_q_chestplate":2,"minecraft:white_concrete":17,"minecraft:spruce_sign":4,"minecraft:bread":120,"minecraft:oak_sapling":3,"minecraft:netherrack":361,"minecraft:dark_oak_fence":1,"minecraft:nether_star":2,"minecraft:spruce_leaves":9,"minecraft:crafting_table":9,"minecraft:nether_wart":20,"minecraft:chicken":2,"minecraft:clay_ball":4,"minecraft:brown_mushroom":2,"jujutsucraft:clothes_zenin_boots":2,"minecraft:red_bed":1,"minecraft:iron_axe":3,"minecraft:snow":1,"minecraft:blackstone":2,"minecraft:beef":27,"minecraft:echo_shard":4,"jujutsucraft:sword_shigemo":1,"minecraft:poppy":1,"minecraft:spruce_slab":1,"minecraft:lectern":3,"minecraft:chest":1,"minecraft:birch_sapling":3,"minecraft:spruce_trapdoor":1,"minecraft:copper_ore":2,"minecraft:egg":1,"jujutsucraft:hair_fushiguro_megumi_helmet":1,"minecraft:stone":13,"jujutsucraft:clothes_nishimiya_helmet":1,"jujutsucraft:playful_cloud":5,"minecraft:polished_blackstone_bricks":5,"minecraft:stone_button":1,"minecraft:music_disc_11":1,"minecraft:carrot":21,"minecraft:stone_pressure_plate":2,"minecraft:dark_oak_planks":3,"jujutsucraft:clothes_fushiguro_toji_leggings":3,"minecraft:nether_bricks":14,"minecraft:hay_block":105,"minecraft:polished_blackstone":6,"minecraft:mutton":8,"minecraft:skeleton_skull":7,"minecraft:white_wool":7,"minecraft:basalt":72,"jujutsucraft:g_staff":3,"minecraft:salmon":7,"minecraft:leather":15,"jujutsucraft:clothes_todo_aoi_leggings":2,"jujutsucraft:sukuna_finger":3,"minecraft:ancient_debris":3,"jujutsucraft:fester_life_blade":1,"minecraft:blue_bed":1,"minecraft:white_banner":1,"minecraft:cooked_mutton":6,"minecraft:tall_grass":6,"minecraft:iron_sword":1,"minecraft:soul_sand":22,"minecraft:book":113,"jujutsucraft:dragon_bone":1,"minecraft:bamboo_planks":1,"minecraft:sweet_berries":14,"jujutsucraft:kurourushi_body_helmet":1,"minecraft:quartz":4,"minecraft:gravel":20,"minecraft:spruce_sapling":23,"minecraft:blast_furnace":2,"minecraft:white_bed":3,"minecraft:spruce_log":53,"minecraft:purple_bed":6,"minecraft:polished_diorite":1,"minecraft:stone_axe":2,"minecraft:diamond_axe":1,"minecraft:birch_sign":2,"jujutsucraft:clothes_sukuna_fushiguro_chestplate":1,"minecraft:lodestone":1,"minecraft:black_wool":6,"minecraft:red_concrete":1,"minecraft:stripped_dark_oak_log":1},"minecraft:used":{"minecraft:writable_book":1,"minecraft:iron_shovel":40,"minecraft:polished_blackstone":6,"minecraft:stone":4,"minecraft:soul_sand":13,"jujutsucraft:sukuna_finger":2,"minecraft:carrot":22,"minecraft:music_disc_11":1,"minecraft:obsidian":7,"minecraft:lantern":5,"minecraft:iron_helmet":1,"jujutsucraft:clothes_sukuna_fushiguro_chestplate":1,"jujutsucraft:uniform_q_chestplate":2,"minecraft:egg":1,"minecraft:polished_blackstone_stairs":1,"minecraft:wither_skeleton_skull":10,"minecraft:stone_pickaxe":58,"minecraft:wooden_pickaxe":11,"minecraft:blue_bed":1,"minecraft:diamond_axe":9,"minecraft:blast_furnace":1,"minecraft:black_bed":2,"jujutsucraft:sword_okkotsu_yuta":5,"minecraft:stripped_bamboo_block":2,"minecraft:light_gray_concrete":7,"minecraft:bread":104,"minecraft:gravel":2,"minecraft:dark_oak_fence":1,"minecraft:white_concrete":5,"minecraft:flint_and_steel":1,"minecraft:spruce_planks":113,"minecraft:netherrack":238,"minecraft:stone_hoe":111,"minecraft:dirt":15,"minecraft:iron_axe":6,"jujutsucraft:playful_cloud":2,"minecraft:cooked_beef":24,"minecraft:bamboo_planks":1,"minecraft:cooked_mutton":6,"minecraft:water_bucket":1,"minecraft:birch_planks":24,"minecraft:polished_blackstone_bricks":5,"jujutsucraft:split_soul_katana":2,"minecraft:crafting_table":18,"minecraft:white_bed":4,"minecraft:dark_oak_door":1,"minecraft:smoker":8,"minecraft:diamond_pickaxe":481,"minecraft:iron_pickaxe":134,"jujutsucraft:muscular_body_chestplate":2,"jujutsucraft:naginata":2,"minecraft:stone_axe":144,"minecraft:cobblestone":35,"minecraft:purple_bed":6,"minecraft:bucket":2,"minecraft:pumpkin_pie":19},"minecraft:crafted":{"minecraft:stone_hoe":1,"sophisticatedbackpacks:backpack":1,"minecraft:diamond_axe":1,"minecraft:crafting_table":10,"minecraft:spruce_planks":212,"minecraft:wooden_pickaxe":1,"minecraft:birch_planks":24,"minecraft:diamond_pickaxe":1,"minecraft:stick":44,"minecraft:iron_ingot":27,"minecraft:iron_pickaxe":2,"minecraft:black_bed":2,"minecraft:iron_axe":1,"minecraft:stone_pickaxe":1,"minecraft:wheat":279,"sophisticatedbackpacks:iron_backpack":1,"minecraft:cooked_beef":11,"minecraft:enchanting_table":1,"minecraft:bucket":1,"minecraft:stone_axe":2,"minecraft:bread":93,"minecraft:air":0,"minecraft:iron_shovel":1,"minecraft:white_bed":1},"minecraft:custom":{"minecraft:interact_with_crafting_table":41,"minecraft:open_barrel":88,"minecraft:leave_game":9,"minecraft:time_since_death":83837,"minecraft:damage_resisted":479401,"minecraft:sprint_one_cm":3137464,"minecraft:drop":248,"minecraft:talked_to_villager":6,"minecraft:play_time":480196,"minecraft:deaths":116,"minecraft:jump":13967,"minecraft:walk_on_water_one_cm":132700,"minecraft:interact_with_furnace":22,"minecraft:play_record":1,"minecraft:interact_with_loom":1,"minecraft:sleep_in_bed":4,"minecraft:damage_dealt":3045,"minecraft:player_kills":4,"minecraft:crouch_one_cm":97356,"minecraft:interact_with_smoker":17,"minecraft:mob_kills":3325,"minecraft:inspect_hopper":1,"minecraft:damage_dealt_resisted":2431041,"minecraft:climb_one_cm":5384,"minecraft:walk_one_cm":1358901,"minecraft:sneak_time":27452,"minecraft:walk_under_water_one_cm":61833,"minecraft:interact_with_lectern":1,"minecraft:total_world_time":480196,"minecraft:time_since_rest":83870,"minecraft:damage_taken":164010,"minecraft:swim_one_cm":264859,"minecraft:fly_one_cm":11626742,"minecraft:open_chest":113,"minecraft:fall_one_cm":869805},"minecraft:dropped":{"minecraft:spruce_sign":4,"minecraft:soul_sand":9,"minecraft:brown_mushroom":2,"minecraft:diamond_axe":1,"minecraft:cooked_beef":1,"jujutsucraft:sword_shigemo":1,"minecraft:lantern":11,"jujutsucraft:clothes_todo_aoi_leggings":3,"minecraft:flint":6,"minecraft:spruce_leaves":9,"minecraft:dirt":10,"minecraft:gray_concrete":2,"minecraft:stone_button":1,"minecraft:mutton":2,"minecraft:writable_book":2,"minecraft:iron_pickaxe":3,"minecraft:white_wool":1,"jujutsucraft:sukuna_finger":1,"minecraft:bone":17,"minecraft:gravel":18,"minecraft:stone_axe":4,"minecraft:blackstone":2,"minecraft:lever":1,"minecraft:birch_sapling":3,"jujutsucraft:clothes_sukuna_fushiguro_chestplate":1,"jujutsucraft:cursed_technique_changer":2,"minecraft:stripped_dark_oak_log":1,"jujutsucraft:naginata":4,"minecraft:salmon":4,"minecraft:carrot":24,"minecraft:poppy":1,"jujutsucraft:clothes_fushiguro_toji_leggings":2,"minecraft:skeleton_skull":6,"minecraft:spruce_slab":1,"minecraft:beef":1,"minecraft:quartz":2,"minecraft:stone_brick_stairs":1,"minecraft:netherrack":9,"jujutsucraft:uniform_gojo_chestplate":1,"minecraft:stone_hoe":1,"minecraft:iron_ingot":9,"minecraft:bread":162,"jujutsucraft:cursed_technique_starter":1,"minecraft:wheat_seeds":4,"minecraft:cobblestone":6,"minecraft:lead":2,"minecraft:book":3,"minecraft:grass_block":8,"jujutsucraft:hair_fushiguro_megumi_helmet":1,"jujutsucraft:slaughter_demon":4,"minecraft:ink_sac":20,"jujutsucraft:uniform_q_chestplate":2,"minecraft:white_concrete":12,"minecraft:iron_door":1,"minecraft:polished_blackstone_brick_slab":4,"jujutsucraft:muscular_body_chestplate":1,"minecraft:iron_axe":4,"minecraft:paper":4,"minecraft:spruce_sapling":11,"minecraft:polished_diorite":1,"minecraft:red_concrete":1,"minecraft:sweet_berries":14,"jujutsucraft:playful_cloud":2,"minecraft:smooth_stone_slab":2,"minecraft:tall_grass":6,"minecraft:chicken":2,"minecraft:clay_ball":4,"jujutsucraft:clothes_kashimo_hajime_chestplate":1,"minecraft:polished_deepslate_stairs":2,"minecraft:copper_ore":2,"minecraft:snow":1,"minecraft:stone":9,"minecraft:spruce_trapdoor":1,"minecraft:spruce_planks":10,"minecraft:oak_sapling":3,"minecraft:stone_pressure_plate":2,"minecraft:barrel":4,"minecraft:birch_sign":2,"jujutsucraft:clothes_zenin_boots":3,"jujutsucraft:clothes_kusakabe_chestplate":2,"minecraft:stone_pickaxe":1,"minecraft:wooden_pickaxe":1,"minecraft:magma_block":6,"jujutsucraft:uniform_normal_boots":4,"jujutsucraft:g_staff":2},"minecraft:killed":{"jujutsucraft:mimiko":13,"jujutsucraft:cursed_spirit_grade_32":78,"jujutsucraft:cursed_spirit_grade_31":21,"jujutsucraft:inumaki_toge":9,"jujutsucraft:cursed_spirit_grade_33":150,"jujutsucraft:ishigori_ryu":1,"jujutsucraft:cursed_spirit_grade_11":12,"jujutsucraft:zenin_naobito":2,"jujutsucraft:doll_1":37,"jujutsucraft:zenin_naoya":4,"jujutsucraft:cursed_spirit_grade_12":7,"jujutsucraft:miguel":1,"jujutsucraft:earthen_insect_trance":3,"jujutsucraft:tiger_funeral":1,"jujutsucraft:fushiguro_megumi_shibuya":5,"jujutsucraft:cursed_spirit_grade_37":8,"jujutsucraft:cursed_spirit_grade_35":26,"jujutsucraft:round_deer":1,"minecraft:cod":15,"minecraft:wither":2,"jujutsucraft:zenin_naoya_cursed_spirit_1":1,"jujutsucraft:cursed_spirit_grade_39":169,"jujutsucraft:larue":5,"jujutsucraft:fushiguro_toji_bug":6,"minecraft:fox":3,"jujutsucraft:cursed_spirit_grade_15":6,"minecraft:chicken":14,"jujutsucraft:cursed_spirit_grade_19":5,"jujutsucraft:divine_dog_black":8,"jujutsucraft:cursed_spirit_grade_16":8,"jujutsucraft:fushiguro_toji":4,"jujutsucraft:panda_normal":12,"jujutsucraft:zenin_ogi":2,"jujutsucraft:cursed_spirit_grade_38":39,"jujutsucraft:cursed_spirit_grade_34":153,"jujutsucraft:higuruma_hiromi":1,"jujutsucraft:nobara_kugisaki":4,"jujutsucraft:nanami_kento":5,"jujutsucraft:miyo_rokujushi":2,"jujutsucraft:mei_mei":6,"jujutsucraft:hazenoki":2,"jujutsucraft:kusakabe_yatsuya":6,"jujutsucraft:eight_handled_swrod_divergent_sila_divine_general_mahoraga":4,"minecraft:wolf":2,"minecraft:pig":6,"jujutsucraft:zenin_chojuro":2,"jujutsucraft:max_elephant":1,"minecraft:salmon":411,"jujutsucraft:nishimiya_momo":7,"jujutsucraft:itadori_yuji_shinjuku":1,"jujutsucraft:awasaka_jiro":7,"jujutsucraft:zenin_jinichi":1,"jujutsucraft:toad_2":3,"jujutsucraft:choso":3,"jujutsucraft:bathynomus_giganteus":1,"jujutsucraft:curse_user_1":24,"jujutsucraft:cursed_spirit_grade_211":10,"jujutsucraft:cursed_spirit_grade_07":5,"jujutsucraft:itadori_yuji":14,"minecraft:sheep":14,"jujutsucraft:panda_gorilla":10,"jujutsucraft:jogo":1,"jujutsucraft:cursed_spirit_grade_29":13,"jujutsucraft:cursed_spirit_grade_28":7,"minecraft:trader_llama":1,"minecraft:pillager":3,"jujutsucraft:blue":1,"jujutsucraft:cursed_spirit_grade_314":144,"jujutsucraft:kenjaku":2,"jujutsucraft:cockroaches":40,"jujutsucraft:cursed_spirit_grade_18":4,"jujutsucraft:cursed_spirit_grade_17":6,"jujutsucraft:todo_aoi":5,"jujutsucraft:zenin_maki_culling_game":3,"jujutsucraft:kashimo_hajime":3,"jujutsucraft:cursed_spirit_grade_315":137,"jujutsucraft:cursed_spirit_grade_110":8,"jujutsucraft:cursed_spirit_grade_212":13,"jujutsucraft:cursed_spirit_grade_06":4,"jujutsucraft:takaba_fumihiko":1,"jujutsucraft:ice_spear":3,"jujutsucraft:sea_serpent_mini":19,"minecraft:cow":12,"jujutsucraft:wooden_ball_1":18,"jujutsucraft:transfigured_human_3":20,"jujutsucraft:cursed_spirit_grade_21":12,"jujutsucraft:reggie_star":2,"jujutsucraft:dhruv_lakdawalla":1,"jujutsucraft:daido_hagane":4,"jujutsucraft:nanako":10,"jujutsucraft:charles_bernard":13,"jujutsucraft:yorozu":1,"jujutsucraft:liquid_metal":2,"jujutsucraft:cursed_spirit_grade_24":15,"jujutsucraft:tsukumo_yuki":1,"jujutsucraft:energy_ball_white":1,"jujutsucraft:yoshino_junpei":10,"jujutsucraft:rock_fragment":17,"jujutsucraft:rika_2":1,"jujutsucraft:cursed_spirit_grade_318":66,"jujutsucraft:cursed_spirit_grade_316":39,"jujutsucraft:geto_suguru":1,"jujutsucraft:cursed_spirit_grade_26":13,"jujutsucraft:cursed_spirit_grade_22":8,"jujutsucraft:kumiya_juzo":7,"jujutsucraft:transfigured_human_2":9,"jujutsucraft:cursed_spirit_grade_03":4,"jujutsucraft:shikigami_pterosaur":4,"jujutsucraft:miwa_kasumi":13,"jujutsucraft:cursed_spirit_grade_04":5,"jujutsucraft:cursed_spirit_grade_05":5,"jujutsucraft:fox_fire":43,"jujutsucraft:body_repel":15,"jujutsucraft:shigemo_haruta":16,"jujutsucraft:okkotsu_yuta":3,"jujutsucraft:cursed_spirit_grade_312":28,"jujutsucraft:cursed_spirit_grade_313":29,"jujutsucraft:kechizu":3,"jujutsucraft:sea_serpent":47,"jujutsucraft:toad":4,"jujutsucraft:rabbit_escape":57,"jujutsucraft:rozetsu_shikigami":22,"jujutsucraft:gojo_satoru_school_days":2,"jujutsucraft:cursed_spirit_grade_08":5,"jujutsucraft:cursed_spirit_grade_23":22,"jujutsucraft:itadori_yuji_shibuya":6,"jujutsucraft:eso":1,"jujutsucraft:cursed_spirit_grade_317":131,"jujutsucraft:cockroach_larva":1,"jujutsucraft:transfigured_human_1":16,"jujutsucraft:kurusu_hana":1,"jujutsucraft:cursed_spirit_grade_27":5,"jujutsucraft:okkotsu_yuta_culling_game":1,"jujutsucraft:dagon_2":1,"jujutsucraft:cursed_spirit_grade_210":6,"jujutsucraft:kukuru":4,"jujutsucraft:ice_spear_2":17,"jujutsucraft:jujutsu_sorcerer":9,"jujutsucraft:cursed_spirit_grade_09":1,"minecraft:bat":109,"jujutsucraft:zenin_maki":15,"minecraft:wandering_trader":1,"jujutsucraft:coffin":1,"jujutsucraft:hakari_kinji":3,"jujutsucraft:mechamaru":6,"jujutsucraft:curse_user":11,"jujutsucraft:great_serpent":1,"jujutsucraft:yaga_masamichi":3,"minecraft:squid":90,"jujutsucraft:divine_dog_white":7,"jujutsucraft:rozetsu":4,"jujutsucraft:entity_scissors":34,"jujutsucraft:cursed_spirit_grade_14":10,"jujutsucraft:cursed_spirit_grade_311":38,"jujutsucraft:cursed_spirit_grade_310":45,"jujutsucraft:negi_toshihisa":11,"jujutsucraft:cursed_spirit_grade_13":2,"jujutsucraft:miguel_dancer":2,"jujutsucraft:cursed_spirit_grade_36":102,"jujutsucraft:cursed_spirit_grade_25":19,"jujutsucraft:hanami":1,"jujutsucraft:moon_dregs":6,"jujutsucraft:cursed_spirit_grade_02":2,"jujutsucraft:cursed_spirit_grade_319":65,"jujutsucraft:rika":2,"jujutsucraft:hoshi_kirara":1,"jujutsucraft:geto_suguru_curse_user":2,"minecraft:villager":2,"jujutsucraft:kamo_noritoshi":11,"jujutsucraft:q":12,"jujutsucraft:fushiguro_megumi":10,"jujutsucraft:gravestone_3":10,"jujutsucraft:ogami":1},"minecraft:killed_by":{"jujutsucraft:cursed_spirit_grade_25":3,"jujutsucraft:cursed_spirit_grade_24":2,"jujutsucraft:cursed_spirit_grade_01":2,"jujutsucraft:charles_bernard":2,"jujutsucraft:cursed_spirit_grade_22":13,"jujutsucraft:cursed_spirit_grade_211":1,"jujutsucraft:cursed_spirit_grade_09":1,"jujutsucraft:curse_user_1":8,"jujutsucraft:uzumaki":2,"jujutsucraft:sukuna":3,"jujutsucraft:cursed_spirit_grade_23":2,"jujutsucraft:cursed_spirit_grade_212":2,"jujutsucraft:negi_toshihisa":1,"jujutsucraft:higuruma_hiromi":1,"jujutsucraft:cursed_spirit_grade_18":2,"jujutsucraft:cursed_spirit_grade_29":1,"jujutsucraft:cursed_spirit_grade_21":1,"jujutsucraft:eight_handled_swrod_divergent_sila_divine_general_mahoraga":5,"jujutsucraft:cursed_spirit_grade_36":1,"jujutsucraft:cursed_spirit_grade_38":1,"jujutsucraft:cursed_spirit_grade_15":2,"jujutsucraft:cursed_spirit_grade_311":4,"minecraft:player":8,"jujutsucraft:cursed_spirit_grade_16":23,"jujutsucraft:cursed_spirit_grade_14":1,"jujutsucraft:cursed_spirit_grade_12":2,"jujutsucraft:cursed_spirit_grade_17":1,"jujutsucraft:cursed_spirit_grade_33":2,"jujutsucraft:kashimo_hajime":1,"jujutsucraft:cursed_spirit_grade_110":2,"jujutsucraft:flame_arrow":1,"jujutsucraft:cursed_spirit_grade_19":1,"jujutsucraft:cursed_spirit_grade_319":1,"jujutsucraft:cursed_spirit_grade_314":1,"jujutsucraft:curse_user":1,"jujutsucraft:gojo_satoru":1,"jujutsucraft:okkotsu_yuta":2,"jujutsucraft:sukuna_fushiguro":3,"jujutsucraft:zenin_ogi":1,"jujutsucraft:kumiya_juzo":1,"jujutsucraft:geto_suguru_curse_user":1,"jujutsucraft:cursed_spirit_grade_210":1}},"DataVersion":3465}