{"stats":{"minecraft:used":{"minecraft:cooked_mutton":4,"minecraft:stone_sword":7,"minecraft:stone_pickaxe":139,"minecraft:wooden_pickaxe":27,"minecraft:spruce_planks":6,"minecraft:shield":29,"minecraft:cooked_salmon":1,"minecraft:salmon":1,"minecraft:torch":30,"minecraft:dirt":19,"minecraft:crafting_table":6,"minecraft:iron_axe":13,"minecraft:iron_pickaxe":28,"minecraft:stone_axe":46,"minecraft:cobblestone":12,"minecraft:furnace":3,"minecraft:bucket":1,"tombstone:gift":2},"minecraft:killed_by":{"minecraft:zombie":1,"mineminenomi:pirate_grunt":1,"mineminenomi:bandit_grunt":2,"mineminenomi:bandit_sniper":1},"minecraft:picked_up":{"minecraft:crafting_table":5,"minecraft:salmon":4,"minecraft:dirt":37,"minecraft:string":7,"minecraft:cooked_mutton":2,"minecraft:bone":6,"minecraft:bow":1,"minecraft:wheat_seeds":1,"minecraft:spruce_planks":12,"minecraft:iron_ore":38,"minecraft:oak_planks":8,"minecraft:furnace":3,"mineminenomi:bullet":9,"tconstruct:copper_ore":5,"xreliquary:zombie_heart":1,"minecraft:torch":3,"minecraft:spruce_sapling":1,"minecraft:ink_sac":1,"tombstone:grave_dust":2,"minecraft:spruce_log":21,"minecraft:arrow":7,"minecraft:rotten_flesh":2,"minecraft:stone_axe":1,"minecraft:granite":7,"xreliquary:rib_bone":1,"minecraft:mutton":4,"minecraft:coal":10,"minecraft:white_wool":2,"minecraft:cobblestone":119},"minecraft:crafted":{"minecraft:crafting_table":2,"minecraft:spruce_planks":40,"minecraft:spruce_button":1,"minecraft:wooden_pickaxe":2,"minecraft:furnace":3,"minecraft:cooked_salmon":1,"minecraft:bucket":1,"minecraft:stone_axe":2,"minecraft:cooked_mutton":2,"minecraft:air":0,"minecraft:shield":1,"minecraft:iron_axe":1,"minecraft:stick":28,"minecraft:iron_ingot":14,"minecraft:iron_pickaxe":1,"minecraft:stone_pickaxe":2,"minecraft:stone_sword":1,"minecraft:torch":32},"minecraft:dropped":{"minecraft:stone_axe":1},"minecraft:broken":{"minecraft:stone_pickaxe":1},"minecraft:mined":{"tconstruct:copper_ore":5,"minecraft:spruce_planks":6,"minecraft:crafting_table":5,"minecraft:granite":7,"minecraft:grass_block":9,"minecraft:cobblestone":3,"minecraft:spruce_leaves":1,"minecraft:oak_planks":8,"minecraft:large_fern":1,"minecraft:furnace":3,"minecraft:iron_ore":40,"minecraft:spruce_log":22,"minecraft:coal_ore":10,"minecraft:dirt":28,"minecraft:cobweb":7,"minecraft:stone":111,"minecraft:fern":1},"minecraft:killed":{"minecraft:salmon":5,"minecraft:sheep":2,"minecraft:skeleton":5,"minecraft:zombie":2,"mineminenomi:bandit_grunt":1},"minecraft:custom":{"minecraft:interact_with_furnace":11,"minecraft:mob_kills":16,"minecraft:interact_with_crafting_table":15,"minecraft:play_one_minute":36706,"minecraft:leave_game":6,"minecraft:time_since_death":728,"minecraft:time_since_rest":458,"minecraft:sprint_one_cm":70383,"minecraft:damage_taken":1960,"minecraft:walk_one_cm":34256,"minecraft:drop":1,"minecraft:damage_dealt":2180,"minecraft:swim_one_cm":15884,"minecraft:fly_one_cm":53585,"minecraft:crouch_one_cm":6867,"tombstone:undead_killed":7,"minecraft:deaths":5,"minecraft:sneak_time":4313,"minecraft:walk_under_water_one_cm":5858,"minecraft:jump":374,"minecraft:walk_on_water_one_cm":11129,"minecraft:fall_one_cm":5800}},"DataVersion":2586}