{"stats":{"minecraft:used":{"minecraft:cooked_mutton":2,"minecraft:stone_pickaxe":131,"minecraft:wooden_pickaxe":8,"minecraft:spruce_planks":6,"minecraft:shield":3,"minecraft:cooked_salmon":1,"minecraft:salmon":1,"minecraft:torch":18,"minecraft:dirt":14,"minecraft:crafting_table":3,"minecraft:iron_axe":1,"minecraft:iron_pickaxe":18,"minecraft:stone_axe":28,"minecraft:cobblestone":3,"minecraft:furnace":3},"minecraft:killed_by":{"mineminenomi:bandit_grunt":1,"mineminenomi:bandit_sniper":1},"minecraft:picked_up":{"minecraft:crafting_table":3,"minecraft:salmon":2,"minecraft:dirt":22,"minecraft:cooked_mutton":2,"minecraft:bone":2,"minecraft:bow":1,"minecraft:spruce_planks":8,"minecraft:iron_ore":22,"minecraft:oak_planks":8,"minecraft:furnace":3,"mineminenomi:bullet":7,"tconstruct:copper_ore":5,"xreliquary:zombie_heart":1,"minecraft:torch":2,"minecraft:spruce_log":7,"minecraft:arrow":1,"minecraft:rotten_flesh":2,"minecraft:stone_axe":1,"minecraft:granite":7,"minecraft:mutton":4,"minecraft:coal":10,"minecraft:white_wool":2,"minecraft:cobblestone":106},"minecraft:crafted":{"minecraft:crafting_table":1,"minecraft:spruce_planks":28,"minecraft:spruce_button":1,"minecraft:wooden_pickaxe":1,"minecraft:furnace":3,"minecraft:cooked_salmon":1,"minecraft:stone_axe":1,"minecraft:cooked_mutton":2,"minecraft:air":0,"minecraft:shield":1,"minecraft:iron_axe":1,"minecraft:stick":16,"minecraft:iron_ingot":14,"minecraft:iron_pickaxe":1,"minecraft:stone_pickaxe":1,"minecraft:torch":20},"minecraft:dropped":{"minecraft:stone_axe":1},"minecraft:broken":{"minecraft:stone_pickaxe":1},"minecraft:mined":{"tconstruct:copper_ore":5,"minecraft:spruce_planks":6,"minecraft:crafting_table":3,"minecraft:granite":7,"minecraft:grass_block":5,"minecraft:cobblestone":2,"minecraft:oak_planks":8,"minecraft:furnace":3,"minecraft:iron_ore":29,"minecraft:spruce_log":7,"minecraft:coal_ore":10,"minecraft:dirt":17,"minecraft:stone":100},"minecraft:killed":{"minecraft:salmon":1,"minecraft:sheep":2,"minecraft:skeleton":2,"minecraft:zombie":2,"mineminenomi:bandit_grunt":1},"minecraft:custom":{"minecraft:interact_with_furnace":11,"minecraft:mob_kills":8,"minecraft:interact_with_crafting_table":10,"minecraft:play_one_minute":26197,"minecraft:leave_game":5,"minecraft:time_since_death":18734,"minecraft:time_since_rest":18345,"minecraft:sprint_one_cm":24853,"minecraft:damage_taken":885,"minecraft:walk_one_cm":18765,"minecraft:drop":1,"minecraft:damage_dealt":1280,"minecraft:swim_one_cm":9531,"minecraft:fly_one_cm":19547,"minecraft:crouch_one_cm":5495,"tombstone:undead_killed":4,"minecraft:deaths":2,"minecraft:sneak_time":3444,"minecraft:walk_under_water_one_cm":2255,"minecraft:jump":167,"minecraft:walk_on_water_one_cm":5705,"minecraft:fall_one_cm":2905}},"DataVersion":2586}