{"stats":{"minecraft:used":{"minecraft:cooked_mutton":4,"minecraft:diorite":1,"minecraft:stone_sword":27,"minecraft:stone_pickaxe":181,"minecraft:wooden_pickaxe":27,"minecraft:spruce_planks":6,"minecraft:shield":40,"minecraft:cooked_salmon":3,"minecraft:salmon":1,"minecraft:torch":48,"minecraft:dirt":20,"minecraft:crafting_table":6,"minecraft:iron_axe":29,"minecraft:iron_pickaxe":71,"minecraft:gravel":12,"minecraft:stone_axe":46,"minecraft:cobblestone":31,"minecraft:furnace":5,"minecraft:andesite":5,"minecraft:bucket":1,"tombstone:gift":4},"minecraft:killed_by":{"minecraft:zombie":1,"mineminenomi:pirate_grunt":2,"mineminenomi:bandit_grunt":2,"mineminenomi:bandit_sniper":1},"minecraft:picked_up":{"minecraft:crafting_table":5,"minecraft:andesite":5,"minecraft:salmon":4,"tconstruct:materials_and_you":1,"minecraft:dirt":55,"minecraft:string":22,"minecraft:cooked_mutton":2,"minecraft:bone":12,"minecraft:bow":1,"minecraft:wheat_seeds":1,"minecraft:spruce_planks":13,"minecraft:iron_ingot":4,"minecraft:iron_ore":53,"minecraft:oak_planks":8,"minecraft:furnace":5,"mineminenomi:bullet":14,"tconstruct:copper_ore":5,"xreliquary:zombie_heart":1,"minecraft:torch":4,"minecraft:gravel":12,"minecraft:porkchop":7,"minecraft:spruce_sapling":1,"minecraft:ink_sac":1,"tombstone:grave_dust":2,"minecraft:diorite":1,"minecraft:spruce_log":21,"minecraft:arrow":15,"minecraft:rotten_flesh":4,"minecraft:stone_axe":2,"minecraft:granite":16,"xreliquary:rib_bone":2,"minecraft:mutton":4,"minecraft:coal":13,"minecraft:white_wool":2,"minecraft:cobblestone":163},"minecraft:crafted":{"minecraft:crafting_table":2,"minecraft:spruce_planks":40,"minecraft:spruce_button":1,"minecraft:wooden_pickaxe":2,"minecraft:furnace":3,"minecraft:cooked_salmon":3,"minecraft:bucket":1,"minecraft:stone_axe":2,"minecraft:cooked_mutton":2,"minecraft:air":0,"minecraft:shield":1,"minecraft:iron_axe":1,"minecraft:stick":28,"minecraft:iron_ingot":14,"minecraft:iron_pickaxe":1,"minecraft:stone_pickaxe":2,"minecraft:stone_sword":1,"minecraft:torch":44},"minecraft:dropped":{"minecraft:stone_axe":3,"minecraft:wheat_seeds":1,"minecraft:stone_sword":1,"tconstruct:materials_and_you":1,"tconstruct:copper_ore":5,"minecraft:stone_pickaxe":1,"minecraft:wooden_pickaxe":2},"minecraft:broken":{"minecraft:stone_pickaxe":1},"minecraft:mined":{"tconstruct:copper_ore":5,"minecraft:spruce_planks":6,"minecraft:torch":1,"minecraft:crafting_table":5,"minecraft:granite":16,"minecraft:grass_block":10,"minecraft:cobblestone":3,"minecraft:spruce_leaves":1,"minecraft:oak_planks":8,"minecraft:diorite":1,"minecraft:large_fern":1,"minecraft:furnace":5,"minecraft:iron_ore":55,"minecraft:andesite":5,"minecraft:spruce_log":22,"minecraft:coal_ore":13,"minecraft:gravel":7,"minecraft:dirt":33,"minecraft:cobweb":23,"minecraft:stone":155,"minecraft:fern":1},"minecraft:killed":{"minecraft:pig":3,"minecraft:salmon":5,"minecraft:sheep":2,"minecraft:skeleton":8,"minecraft:zombie":3,"mineminenomi:bandit_grunt":1},"minecraft:custom":{"minecraft:interact_with_furnace":14,"minecraft:mob_kills":24,"minecraft:interact_with_crafting_table":15,"minecraft:play_one_minute":48706,"minecraft:leave_game":6,"minecraft:time_since_death":1802,"minecraft:time_since_rest":1002,"minecraft:sprint_one_cm":116070,"minecraft:damage_taken":2405,"minecraft:walk_one_cm":53196,"minecraft:drop":10,"minecraft:damage_dealt":3351,"minecraft:swim_one_cm":21000,"minecraft:fly_one_cm":77574,"minecraft:crouch_one_cm":7656,"tombstone:undead_killed":11,"minecraft:deaths":6,"minecraft:sneak_time":4734,"minecraft:walk_under_water_one_cm":6187,"minecraft:jump":540,"minecraft:walk_on_water_one_cm":14526,"minecraft:fall_one_cm":8332}},"DataVersion":2586}