{"stats":{"minecraft:dropped":{"minecraft:dirt":17,"minecraft:wheat_seeds":3,"minecraft:white_wool":7},"minecraft:picked_up":{"minecraft:book":3,"minecraft:stick":1,"minecraft:raw_iron":1,"minecraft:crafting_table":7,"apotheosis:gem":8,"minecraft:chainmail_boots":1,"minecraft:leather":16,"minecraft:porkchop":32,"minecraft:oak_log":17,"minecraft:ink_sac":3,"minecraft:white_bed":3,"minecraft:dirt":42,"minecraft:item_frame":8,"minecraft:rotten_flesh":3,"minecraft:wheat_seeds":3,"minecraft:hay_block":53,"minecraft:beef":35,"minecraft:coal":54,"minecraft:black_wool":2,"minecraft:mutton":20,"minecraft:cobblestone":7,"minecraft:white_wool":17,"minecraft:egg":2},"minecraft:custom":{"minecraft:time_since_rest":8007,"minecraft:sprint_one_cm":152307,"minecraft:damage_taken":200,"minecraft:walk_one_cm":82566,"minecraft:trigger_trapped_chest":3,"minecraft:mob_kills":46,"minecraft:drop":5,"minecraft:damage_dealt":4464,"minecraft:interact_with_crafting_table":7,"minecraft:swim_one_cm":27377,"minecraft:fly_one_cm":273590,"minecraft:talked_to_villager":1,"minecraft:open_chest":7,"minecraft:play_time":32102,"minecraft:crouch_one_cm":627,"minecraft:sneak_time":61,"minecraft:walk_under_water_one_cm":3918,"minecraft:jump":983,"minecraft:damage_dealt_resisted":0,"minecraft:leave_game":2,"minecraft:time_since_death":32102,"minecraft:walk_on_water_one_cm":3129,"minecraft:sleep_in_bed":3,"minecraft:total_world_time":32102,"minecraft:fall_one_cm":35113,"minecraft:horse_one_cm":36457},"minecraft:used":{"minecraft:oak_log":1,"minecraft:iron_axe":51,"minecraft:bread":6,"minecraft:iron_pickaxe":60,"minecraft:iron_sword":53,"minecraft:golden_helmet":1,"minecraft:dirt":8,"minecraft:beef":2,"minecraft:crafting_table":6,"minecraft:white_bed":3,"minecraft:egg":2},"minecraft:killed":{"minecraft:sheep":12,"minecraft:zombie":2,"minecraft:pig":15,"minecraft:squid":1,"minecraft:cow":15},"minecraft:mined":{"minecraft:hay_block":53,"minecraft:white_bed":3,"minecraft:iron_ore":1,"minecraft:tnt":3,"minecraft:crafting_table":7,"minecraft:grass":9,"minecraft:coal_ore":54,"minecraft:bookshelf":5,"minecraft:grass_block":1,"minecraft:oak_log":17,"minecraft:tall_grass":5,"minecraft:spruce_leaves":3,"minecraft:stone":5,"minecraft:oak_leaves":1},"minecraft:crafted":{"minecraft:oak_planks":16,"sophisticatedbackpacks:backpack":1,"minecraft:stick":8,"minecraft:iron_ingot":1,"minecraft:iron_pickaxe":1,"minecraft:chest":1,"minecraft:white_bed":1,"sophisticatedbackpacks:gold_backpack":1,"skilltree:simple_necklace":1,"sophisticatedbackpacks:iron_backpack":1,"minecraft:bread":36,"minecraft:air":240,"minecraft:wheat":12}},"DataVersion":3465}