{"stats":{"minecraft:dropped":{"minecraft:wheat_seeds":4},"minecraft:killed":{"minecraft:zombie":1,"minecraft:pig":3},"minecraft:picked_up":{"minecraft:raw_iron":15,"heroes:brain":4,"minecraft:stick":2,"minecraft:crafting_table":1,"vinery:red_grape":2,"vinery:red_grape_seeds":19,"minecraft:porkchop":6,"minecraft:oak_log":23,"minecraft:orange_wool":6,"minecraft:rotten_flesh":3,"minecraft:decorated_pot":1,"minecraft:wheat_seeds":4,"vinery:white_grape_seeds":12,"ars_nouveau:sourceberry_bush":17,"minecraft:oak_sapling":1,"minecraft:sunflower":1,"minecraft:cobblestone":60},"minecraft:custom":{"minecraft:time_since_rest":5386,"minecraft:waystone_activated":2,"minecraft:interact_with_furnace":1,"minecraft:sprint_one_cm":85309,"minecraft:damage_taken":1738,"minecraft:walk_one_cm":44388,"minecraft:mob_kills":4,"minecraft:drop":1,"minecraft:damage_dealt":521,"minecraft:talked_to_villager":1,"minecraft:swim_one_cm":71123,"minecraft:interact_with_crafting_table":2,"minecraft:fly_one_cm":252777,"minecraft:open_barrel":2,"minecraft:open_chest":7,"minecraft:crouch_one_cm":4573,"minecraft:play_time":41713,"minecraft:deaths":5,"minecraft:sneak_time":1590,"minecraft:walk_under_water_one_cm":35767,"minecraft:jump":993,"minecraft:walk_on_water_one_cm":5458,"minecraft:time_since_death":21724,"minecraft:sleep_in_bed":1,"minecraft:total_world_time":41713,"minecraft:fall_one_cm":37347},"minecraft:killed_by":{"minecraft:skeleton":3,"minecraft:creeper":1},"minecraft:broken":{"minecraft:wooden_pickaxe":1},"minecraft:mined":{"minecraft:iron_ore":3,"minecraft:orange_wool":6,"minecraft:crafting_table":1,"minecraft:grass":7,"vinery:red_grape_bush":9,"minecraft:deepslate_iron_ore":12,"minecraft:oak_log":23,"minecraft:decorated_pot":1,"minecraft:sunflower":2,"minecraft:gravel":1,"minecraft:tall_grass":1,"minecraft:cobblestone":1,"minecraft:stone":59,"vinery:white_grape_bush":6,"minecraft:suspicious_gravel":1},"minecraft:used":{"minecraft:oak_log":1,"minecraft:stone_sword":10,"minecraft:command_block":2,"minecraft:bread":3,"minecraft:stone_pickaxe":16,"minecraft:leather_chestplate":1,"minecraft:wooden_pickaxe":59,"minecraft:deepslate":33,"minecraft:stone_axe":1,"minecraft:bedrock":3,"heroes:brain":3,"minecraft:cobblestone":9,"minecraft:crafting_table":2,"ars_nouveau:sourceberry_bush":1,"vinery:red_grape":2},"minecraft:crafted":{"minecraft:oak_planks":88,"minecraft:crafting_table":1,"minecraft:stick":32,"minecraft:wooden_pickaxe":1,"minecraft:stone_pickaxe":1,"minecraft:stone_sword":1,"minecraft:stone_axe":1}},"DataVersion":3465}