{"stats":{"minecraft:dropped":{"minecraft:wheat_seeds":5,"heroes:brain":1,"minecraft:stripped_dark_oak_log":4,"vinery:rotten_cherry":4,"minecraft:diorite":1},"minecraft:killed":{"minecraft:pig":3,"minecraft:spider":2,"minecraft:creeper":1,"minecraft:skeleton":1,"minecraft:sheep":2,"minecraft:horse":1,"eidolon:wraith":1,"minecraft:zombie":8,"minecraft:cow":1},"minecraft:picked_up":{"minecraft:charcoal":5,"heroes:brain":5,"minecraft:crafting_table":5,"vinery:red_grape":2,"minecraft:azure_bluet":1,"vinery:rotten_cherry":4,"minecraft:leather":3,"vinery:red_grape_seeds":19,"minecraft:oak_log":23,"minecraft:string":4,"minecraft:cornflower":2,"minecraft:bone":2,"minecraft:wheat_seeds":5,"minecraft:cobbled_deepslate":3,"minecraft:raw_gold":2,"minecraft:beef":3,"vinery:cherry":2,"minecraft:oak_planks":5,"ironfurnaces:iron_furnace":1,"minecraft:furnace":4,"minecraft:stick":31,"minecraft:raw_iron":46,"minecraft:porkchop":6,"vinery:white_grape":2,"minecraft:blast_furnace":1,"minecraft:diorite":1,"minecraft:white_bed":4,"minecraft:spider_eye":1,"minecraft:orange_wool":6,"eidolon:tattered_cloth":1,"minecraft:arrow":1,"minecraft:rotten_flesh":13,"minecraft:diamond":4,"minecraft:decorated_pot":1,"vinery:white_grape_seeds":24,"ars_nouveau:sourceberry_bush":17,"minecraft:oak_sapling":1,"minecraft:stripped_dark_oak_log":4,"minecraft:sunflower":1,"minecraft:mutton":10,"minecraft:cobblestone":61,"minecraft:white_wool":5},"minecraft:custom":{"minecraft:interact_with_furnace":30,"minecraft:mob_kills":28,"minecraft:interact_with_crafting_table":14,"minecraft:open_barrel":6,"minecraft:interact_with_loom":1,"minecraft:leave_game":2,"minecraft:time_since_death":568,"minecraft:sleep_in_bed":4,"minecraft:climb_one_cm":2546,"minecraft:time_since_rest":602,"minecraft:waystone_activated":3,"minecraft:sprint_one_cm":243145,"minecraft:damage_taken":3517,"minecraft:walk_one_cm":139543,"minecraft:drop":7,"minecraft:damage_dealt":3993,"minecraft:swim_one_cm":83334,"minecraft:talked_to_villager":1,"minecraft:fly_one_cm":685222,"minecraft:open_chest":9,"minecraft:crouch_one_cm":7230,"minecraft:play_time":104216,"minecraft:deaths":10,"minecraft:sneak_time":2715,"minecraft:walk_under_water_one_cm":40121,"minecraft:jump":2724,"minecraft:walk_on_water_one_cm":17316,"minecraft:interact_with_smoker":2,"minecraft:total_world_time":104216,"minecraft:fall_one_cm":104268},"minecraft:killed_by":{"minecraft:skeleton":4,"minecraft:creeper":2,"minecraft:zombie":2,"eidolon:zombie_brute":1},"minecraft:broken":{"minecraft:wooden_pickaxe":1},"minecraft:mined":{"minecraft:white_bed":4,"minecraft:deepslate_diamond_ore":4,"vinery:dark_cherry_leaves":40,"minecraft:stripped_dark_oak_log":4,"minecraft:orange_wool":6,"minecraft:powder_snow":2,"ironfurnaces:iron_furnace":1,"minecraft:crafting_table":5,"minecraft:cornflower":2,"minecraft:blast_furnace":1,"vinery:red_grape_bush":9,"minecraft:decorated_pot":1,"minecraft:tall_grass":4,"minecraft:cobblestone":1,"minecraft:deepslate_gold_ore":2,"ars_nouveau:sourceberry_bush":1,"minecraft:oak_planks":5,"minecraft:diorite":1,"vinery:white_grape_bush":12,"minecraft:furnace":4,"minecraft:fire":1,"minecraft:iron_ore":19,"minecraft:azure_bluet":1,"minecraft:grass":9,"minecraft:oak_log":23,"minecraft:deepslate_iron_ore":26,"minecraft:sunflower":2,"minecraft:gravel":1,"minecraft:stone":60,"minecraft:deepslate":3,"minecraft:suspicious_gravel":1},"minecraft:used":{"minecraft:cooked_mutton":4,"minecraft:stone_sword":47,"minecraft:stone_pickaxe":35,"minecraft:oak_planks":2,"minecraft:wooden_pickaxe":59,"minecraft:leather_chestplate":1,"vinery:white_grape":2,"minecraft:rotten_flesh":3,"minecraft:torch":8,"heroes:brain":3,"minecraft:crafting_table":5,"minecraft:white_bed":5,"minecraft:oak_log":1,"minecraft:apple":6,"minecraft:command_block":2,"minecraft:bread":5,"minecraft:iron_pickaxe":29,"minecraft:deepslate":33,"minecraft:bedrock":3,"minecraft:stone_axe":12,"ironfurnaces:iron_furnace":1,"minecraft:cobblestone":19,"minecraft:beef":3,"ars_nouveau:sourceberry_bush":14,"minecraft:furnace":2,"minecraft:cobbled_deepslate":3,"vinery:red_grape":2},"minecraft:crafted":{"minecraft:oak_planks":88,"sophisticatedbackpacks:backpack":4,"minecraft:crafting_table":1,"minecraft:wooden_pickaxe":1,"minecraft:furnace":1,"ironfurnaces:iron_furnace":1,"minecraft:stone_axe":1,"minecraft:cooked_mutton":0,"minecraft:air":0,"minecraft:blue_dye":2,"minecraft:charcoal":14,"minecraft:stick":32,"minecraft:iron_pickaxe":1,"minecraft:iron_ingot":23,"minecraft:stone_pickaxe":1,"minecraft:stone_sword":1,"minecraft:chest":1,"minecraft:white_bed":1,"minecraft:light_gray_dye":1,"minecraft:torch":8,"sophisticatedbackpacks:iron_backpack":1}},"DataVersion":3465}