{"stats":{"minecraft:used":{"minecraft:blue_terracotta":1,"minecraft:stone_sword":46,"minecraft:stone_pickaxe":22,"minecraft:wooden_pickaxe":59,"minecraft:blue_bed":2,"minecraft:cooked_chicken":4,"minecraft:rotten_flesh":1,"minecraft:golden_apple":1,"minecraft:dirt":1,"minecraft:oak_slab":6,"minecraft:crafting_table":4,"minecraft:white_bed":2,"minecraft:andesite_wall":2,"minecraft:apple":3,"minecraft:bread":12,"tombstone:grave_key":28,"minecraft:stone_axe":6,"minecraft:cobblestone":44,"tombstone:gift":4},"minecraft:killed_by":{"mineminenomi:marine_grunt":19,"minecraft:skeleton":1,"mineminenomi:marine_brute":3,"mineminenomi:bandit_grunt":8,"mineminenomi:marine_captain":1},"minecraft:picked_up":{"minecraft:crafting_table":3,"minecraft:feather":4,"minecraft:leather":13,"minecraft:enchanted_book":1,"minecraft:oak_log":12,"minecraft:gunpowder":7,"mineminenomi:belly_pouch":9,"minecraft:dirt":7,"minecraft:string":2,"minecraft:bone":3,"minecraft:wheat_seeds":4,"minecraft:iron_ingot":5,"minecraft:beef":17,"minecraft:cooked_chicken":4,"minecraft:poppy":2,"minecraft:cyan_concrete":4,"mineminenomi:bullet":25,"minecraft:oak_slab":6,"xreliquary:eye_of_the_storm":1,"xreliquary:zombie_heart":1,"minecraft:torch":2,"farmersdelight:tomato_seeds":7,"xreliquary:catalyzing_gland":1,"minecraft:quartz_pillar":2,"tombstone:grave_dust":2,"minecraft:white_bed":3,"minecraft:green_carpet":3,"minecraft:spider_eye":1,"minecraft:andesite_wall":4,"minecraft:arrow":4,"minecraft:blue_terracotta":3,"minecraft:rotten_flesh":7,"mineminenomi:perfect_clima_tact":1,"minecraft:cobblestone":64},"minecraft:crafted":{"minecraft:oak_planks":48,"sophisticatedbackpacks:backpack":1,"mineminenomi:clima_tact":1,"minecraft:crafting_table":1,"minecraft:wooden_pickaxe":1,"minecraft:stone_axe":1,"minecraft:stick":36,"minecraft:stone_pickaxe":1,"minecraft:chest":1,"minecraft:stone_sword":1},"minecraft:broken":{"minecraft:leather_helmet":1,"minecraft:leather_leggings":1,"minecraft:wooden_pickaxe":1},"minecraft:dropped":{"farmersdelight:tomato_seeds":7,"minecraft:enchanted_book":1,"minecraft:blue_terracotta":3,"minecraft:wheat_seeds":3,"mineminenomi:perfect_clima_tact":1,"mineminenomi:bullet":3,"minecraft:andesite_wall":2,"minecraft:spruce_door":1,"minecraft:quartz_pillar":2,"minecraft:poppy":2,"minecraft:dirt":6,"minecraft:torch":2,"minecraft:green_carpet":12,"minecraft:cyan_concrete":6},"minecraft:mined":{"minecraft:oak_slab":4,"minecraft:white_bed":3,"minecraft:crafting_table":3,"minecraft:grass_block":1,"minecraft:andesite_wall":4,"minecraft:tall_grass":6,"minecraft:cobblestone":8,"minecraft:spruce_leaves":1,"minecraft:large_fern":1,"minecraft:blue_terracotta":3,"minecraft:fire":19,"minecraft:birch_leaves":2,"minecraft:quartz_pillar":2,"minecraft:grass_path":1,"minecraft:grass":17,"minecraft:oak_log":11,"minecraft:cyan_concrete":4,"minecraft:dirt":8,"minecraft:green_carpet":8,"minecraft:stone":59,"minecraft:oak_leaves":16},"minecraft:killed":{"minecraft:spider":2,"mineminenomi:marine_grunt":22,"minecraft:creeper":6,"minecraft:skeleton":7,"minecraft:zombie":8,"minecraft:llama":4,"mineminenomi:bandit_grunt":5,"mineminenomi:marine_brute":3,"minecraft:cow":8},"minecraft:custom":{"minecraft:mob_kills":65,"minecraft:interact_with_crafting_table":9,"minecraft:play_one_minute":102311,"minecraft:leave_game":8,"minecraft:time_since_death":2204,"minecraft:sleep_in_bed":4,"minecraft:climb_one_cm":372,"minecraft:time_since_rest":1795,"minecraft:sprint_one_cm":253611,"minecraft:damage_absorbed":40,"minecraft:damage_taken":9925,"minecraft:walk_one_cm":225921,"minecraft:drop":26,"minecraft:damage_dealt":1837,"minecraft:swim_one_cm":48450,"minecraft:fly_one_cm":442443,"minecraft:open_chest":12,"minecraft:crouch_one_cm":12050,"minecraft:sneak_time":5152,"tombstone:undead_killed":15,"minecraft:deaths":32,"minecraft:walk_under_water_one_cm":1360,"minecraft:jump":1422,"minecraft:walk_on_water_one_cm":8321,"minecraft:fall_one_cm":27490}},"DataVersion":2586}