{"stats":{"minecraft:dropped":{"minecraft:blue_terracotta":3,"minecraft:wheat_seeds":3,"minecraft:andesite_wall":2,"minecraft:quartz_pillar":2,"minecraft:poppy":2,"minecraft:torch":2,"minecraft:green_carpet":12,"minecraft:cyan_concrete":6},"minecraft:custom":{"minecraft:mob_kills":31,"minecraft:interact_with_crafting_table":9,"minecraft:play_one_minute":74772,"minecraft:leave_game":6,"minecraft:time_since_death":112,"minecraft:sleep_in_bed":4,"minecraft:climb_one_cm":372,"minecraft:time_since_rest":1,"minecraft:sprint_one_cm":178942,"minecraft:damage_taken":5731,"minecraft:walk_one_cm":123161,"minecraft:drop":20,"minecraft:damage_dealt":1591,"minecraft:swim_one_cm":48450,"minecraft:fly_one_cm":282766,"minecraft:open_chest":12,"minecraft:crouch_one_cm":6045,"tombstone:undead_killed":8,"minecraft:deaths":20,"minecraft:sneak_time":3304,"minecraft:walk_under_water_one_cm":1360,"minecraft:jump":1136,"minecraft:walk_on_water_one_cm":8179,"minecraft:fall_one_cm":22979},"minecraft:crafted":{"minecraft:oak_planks":48,"sophisticatedbackpacks:backpack":1,"mineminenomi:clima_tact":1,"minecraft:crafting_table":1,"minecraft:wooden_pickaxe":1,"minecraft:stone_axe":1,"minecraft:stick":36,"minecraft:stone_pickaxe":1,"minecraft:chest":1,"minecraft:stone_sword":1},"minecraft:killed":{"mineminenomi:marine_grunt":5,"minecraft:creeper":4,"minecraft:skeleton":4,"minecraft:zombie":4,"minecraft:llama":4,"mineminenomi:bandit_grunt":2,"minecraft:cow":8},"minecraft:broken":{"minecraft:leather_helmet":1,"minecraft:wooden_pickaxe":1},"minecraft:picked_up":{"minecraft:crafting_table":3,"minecraft:feather":4,"minecraft:leather":13,"minecraft:oak_log":12,"minecraft:gunpowder":4,"mineminenomi:belly_pouch":3,"minecraft:dirt":7,"minecraft:bone":3,"minecraft:wheat_seeds":4,"minecraft:iron_ingot":4,"minecraft:beef":17,"minecraft:cooked_chicken":4,"minecraft:poppy":2,"minecraft:cyan_concrete":4,"mineminenomi:bullet":6,"minecraft:oak_slab":6,"xreliquary:zombie_heart":1,"minecraft:torch":2,"minecraft:quartz_pillar":2,"tombstone:grave_dust":2,"minecraft:white_bed":3,"minecraft:green_carpet":3,"minecraft:andesite_wall":4,"minecraft:blue_terracotta":3,"minecraft:arrow":2,"minecraft:rotten_flesh":2,"minecraft:cobblestone":64},"minecraft:killed_by":{"mineminenomi:marine_grunt":13,"minecraft:skeleton":1,"mineminenomi:bandit_grunt":5,"mineminenomi:marine_captain":1},"minecraft:used":{"minecraft:blue_terracotta":1,"minecraft:stone_sword":41,"minecraft:stone_pickaxe":22,"minecraft:wooden_pickaxe":59,"minecraft:blue_bed":2,"minecraft:cooked_chicken":2,"minecraft:dirt":1,"minecraft:oak_slab":5,"minecraft:crafting_table":4,"minecraft:white_bed":2,"minecraft:andesite_wall":2,"minecraft:bread":12,"tombstone:grave_key":28,"minecraft:stone_axe":6,"minecraft:cobblestone":40,"tombstone:gift":3},"minecraft:mined":{"minecraft:oak_slab":4,"minecraft:white_bed":3,"minecraft:crafting_table":3,"minecraft:grass_block":1,"minecraft:andesite_wall":4,"minecraft:tall_grass":6,"minecraft:cobblestone":8,"minecraft:spruce_leaves":1,"minecraft:large_fern":1,"minecraft:blue_terracotta":3,"minecraft:fire":6,"minecraft:birch_leaves":2,"minecraft:quartz_pillar":2,"minecraft:grass_path":1,"minecraft:grass":17,"minecraft:oak_log":11,"minecraft:cyan_concrete":4,"minecraft:dirt":8,"minecraft:green_carpet":8,"minecraft:stone":59,"minecraft:oak_leaves":16}},"DataVersion":2586}