{"stats":{"minecraft:dropped":{"minecraft:wheat_seeds":5,"minecraft:stripped_dark_oak_log":4,"vinery:rotten_cherry":4},"minecraft:killed":{"minecraft:pig":3,"minecraft:sheep":2,"minecraft:horse":1,"minecraft:zombie":3,"minecraft:cow":1},"minecraft:picked_up":{"heroes:brain":4,"minecraft:crafting_table":4,"vinery:red_grape":2,"minecraft:azure_bluet":1,"vinery:rotten_cherry":4,"minecraft:leather":3,"vinery:red_grape_seeds":19,"minecraft:oak_log":23,"minecraft:cornflower":2,"minecraft:wheat_seeds":5,"minecraft:beef":3,"vinery:cherry":2,"minecraft:furnace":1,"minecraft:stick":31,"minecraft:raw_iron":20,"minecraft:porkchop":6,"vinery:white_grape":2,"minecraft:blast_furnace":1,"minecraft:white_bed":2,"minecraft:orange_wool":6,"minecraft:rotten_flesh":6,"minecraft:decorated_pot":1,"vinery:white_grape_seeds":24,"ars_nouveau:sourceberry_bush":17,"minecraft:oak_sapling":1,"minecraft:stripped_dark_oak_log":4,"minecraft:sunflower":1,"minecraft:mutton":10,"minecraft:cobblestone":61,"minecraft:white_wool":5},"minecraft:custom":{"minecraft:interact_with_furnace":16,"minecraft:mob_kills":15,"minecraft:interact_with_crafting_table":13,"minecraft:open_barrel":2,"minecraft:leave_game":1,"minecraft:time_since_death":1236,"minecraft:sleep_in_bed":3,"minecraft:climb_one_cm":1218,"minecraft:time_since_rest":1261,"minecraft:waystone_activated":3,"minecraft:sprint_one_cm":203871,"minecraft:damage_taken":2392,"minecraft:walk_one_cm":94004,"minecraft:drop":5,"minecraft:damage_dealt":1679,"minecraft:swim_one_cm":79755,"minecraft:talked_to_villager":1,"minecraft:fly_one_cm":612008,"minecraft:open_chest":9,"minecraft:crouch_one_cm":5385,"minecraft:play_time":83702,"minecraft:deaths":7,"minecraft:sneak_time":1826,"minecraft:walk_under_water_one_cm":38130,"minecraft:jump":2366,"minecraft:walk_on_water_one_cm":10325,"minecraft:interact_with_smoker":2,"minecraft:total_world_time":83702,"minecraft:fall_one_cm":92651},"minecraft:killed_by":{"minecraft:skeleton":4,"minecraft:creeper":1,"minecraft:zombie":1},"minecraft:broken":{"minecraft:wooden_pickaxe":1},"minecraft:mined":{"minecraft:white_bed":2,"vinery:dark_cherry_leaves":40,"minecraft:stripped_dark_oak_log":4,"minecraft:orange_wool":6,"minecraft:powder_snow":2,"minecraft:crafting_table":4,"minecraft:cornflower":2,"minecraft:blast_furnace":1,"vinery:red_grape_bush":9,"minecraft:decorated_pot":1,"minecraft:tall_grass":4,"minecraft:cobblestone":1,"ars_nouveau:sourceberry_bush":1,"vinery:white_grape_bush":12,"minecraft:furnace":1,"minecraft:iron_ore":8,"minecraft:azure_bluet":1,"minecraft:grass":9,"minecraft:oak_log":23,"minecraft:deepslate_iron_ore":12,"minecraft:sunflower":2,"minecraft:gravel":1,"minecraft:stone":60,"minecraft:suspicious_gravel":1},"minecraft:used":{"minecraft:stone_sword":19,"minecraft:stone_pickaxe":24,"minecraft:wooden_pickaxe":59,"minecraft:leather_chestplate":1,"vinery:white_grape":2,"minecraft:rotten_flesh":3,"minecraft:torch":8,"heroes:brain":3,"minecraft:crafting_table":4,"minecraft:white_bed":3,"minecraft:oak_log":1,"minecraft:apple":6,"minecraft:command_block":2,"minecraft:bread":5,"minecraft:deepslate":33,"minecraft:bedrock":3,"minecraft:stone_axe":4,"minecraft:cobblestone":9,"minecraft:beef":3,"ars_nouveau:sourceberry_bush":14,"minecraft:furnace":1,"vinery:red_grape":2},"minecraft:crafted":{"minecraft:oak_planks":88,"sophisticatedbackpacks:backpack":4,"minecraft:crafting_table":1,"minecraft:wooden_pickaxe":1,"minecraft:furnace":1,"minecraft:stone_axe":1,"minecraft:air":0,"minecraft:blue_dye":2,"minecraft:charcoal":14,"minecraft:stick":32,"minecraft:iron_pickaxe":1,"minecraft:iron_ingot":15,"minecraft:stone_pickaxe":1,"minecraft:stone_sword":1,"minecraft:chest":1,"minecraft:white_bed":1,"minecraft:light_gray_dye":1,"minecraft:torch":8,"sophisticatedbackpacks:iron_backpack":1}},"DataVersion":3465}