{"stats":{"minecraft:used":{"minecraft:blue_terracotta":1,"minecraft:stone_sword":54,"minecraft:stone_pickaxe":22,"minecraft:oak_planks":2,"mineminenomi:flintlock":74,"minecraft:wooden_pickaxe":59,"minecraft:blue_bed":2,"minecraft:cooked_chicken":4,"minecraft:rotten_flesh":1,"minecraft:golden_apple":1,"minecraft:dirt":1,"minecraft:oak_slab":6,"minecraft:crafting_table":5,"minecraft:spider_eye":1,"minecraft:white_bed":2,"minecraft:milk_bucket":1,"minecraft:andesite_wall":2,"minecraft:apple":3,"minecraft:bread":12,"tombstone:grave_key":28,"mineminenomi:cooked_sea_king_meat":6,"minecraft:stone_axe":7,"minecraft:cobblestone":44,"mineminenomi:senriku":15,"tombstone:gift":4},"minecraft:killed_by":{"mineminenomi:marine_grunt":22,"minecraft:skeleton":1,"mineminenomi:marine_brute":3,"mineminenomi:marine_captain":3,"mineminenomi:bandit_grunt":11,"mineminenomi:bandit_sniper":1},"minecraft:picked_up":{"mineminenomi:key":1,"minecraft:crafting_table":4,"minecraft:feather":4,"minecraft:leather":19,"minecraft:enchanted_book":1,"minecraft:oak_log":12,"minecraft:gunpowder":8,"mineminenomi:belly_pouch":13,"minecraft:dirt":7,"minecraft:string":4,"minecraft:lantern":3,"minecraft:white_carpet":2,"minecraft:bone":3,"minecraft:oak_sign":1,"minecraft:wheat_seeds":4,"minecraft:iron_ingot":5,"minecraft:beef":21,"minecraft:cooked_chicken":4,"minecraft:poppy":2,"minecraft:cyan_concrete":4,"mineminenomi:bullet":31,"minecraft:stick":2,"minecraft:oak_slab":6,"xreliquary:eye_of_the_storm":1,"xreliquary:zombie_heart":1,"minecraft:torch":2,"minecraft:porkchop":8,"farmersdelight:tomato_seeds":7,"xreliquary:catalyzing_gland":1,"minecraft:quartz_pillar":2,"tombstone:grave_dust":2,"minecraft:white_bed":3,"minecraft:green_carpet":3,"minecraft:spider_eye":3,"minecraft:andesite_wall":4,"minecraft:arrow":4,"minecraft:blue_terracotta":3,"minecraft:rotten_flesh":7,"xreliquary:chelicerae":1,"mineminenomi:perfect_clima_tact":1,"minecraft:cobblestone":64},"minecraft:crafted":{"minecraft:oak_planks":48,"sophisticatedbackpacks:backpack":1,"mineminenomi:clima_tact":1,"minecraft:crafting_table":2,"minecraft:wooden_pickaxe":1,"minecraft:stone_axe":1,"minecraft:stick":36,"minecraft:stone_pickaxe":1,"minecraft:stone_sword":1,"minecraft:chest":1,"sophisticatedbackpacks:iron_backpack":1},"minecraft:broken":{"minecraft:leather_helmet":1,"minecraft:golden_boots":1,"minecraft:leather_leggings":1,"minecraft:wooden_pickaxe":1},"minecraft:dropped":{"farmersdelight:tomato_seeds":7,"minecraft:enchanted_book":1,"minecraft:blue_terracotta":3,"minecraft:wheat_seeds":3,"mineminenomi:perfect_clima_tact":1,"mineminenomi:bullet":3,"minecraft:rotten_flesh":6,"minecraft:andesite_wall":2,"minecraft:lantern":1,"minecraft:quartz_pillar":2,"minecraft:spruce_door":1,"minecraft:poppy":2,"minecraft:dirt":6,"minecraft:torch":2,"minecraft:green_carpet":12,"minecraft:spider_eye":1,"minecraft:cyan_concrete":6,"minecraft:bone":5},"minecraft:mined":{"minecraft:oak_slab":4,"minecraft:white_bed":3,"minecraft:crafting_table":4,"minecraft:grass_block":1,"minecraft:white_stained_glass_pane":2,"minecraft:andesite_wall":4,"minecraft:tall_grass":6,"minecraft:cobblestone":8,"minecraft:spruce_leaves":1,"minecraft:large_fern":1,"minecraft:blue_terracotta":3,"minecraft:fire":20,"minecraft:birch_leaves":2,"minecraft:quartz_pillar":2,"minecraft:grass_path":1,"minecraft:grass":17,"minecraft:oak_log":11,"minecraft:cyan_concrete":4,"minecraft:dirt":8,"minecraft:green_carpet":8,"minecraft:stone":59,"minecraft:oak_leaves":16},"minecraft:custom":{"minecraft:mob_kills":173,"minecraft:interact_with_crafting_table":12,"minecraft:play_one_minute":152049,"minecraft:leave_game":10,"minecraft:time_since_death":4186,"minecraft:sleep_in_bed":4,"minecraft:climb_one_cm":372,"minecraft:time_since_rest":3933,"minecraft:sprint_one_cm":420839,"minecraft:damage_absorbed":40,"minecraft:damage_taken":13734,"minecraft:walk_one_cm":383568,"minecraft:drop":30,"minecraft:damage_dealt":2266,"minecraft:swim_one_cm":50201,"minecraft:fly_one_cm":643975,"minecraft:crouch_one_cm":12919,"minecraft:open_chest":29,"minecraft:sneak_time":5717,"tombstone:undead_killed":32,"minecraft:deaths":41,"minecraft:walk_under_water_one_cm":1612,"minecraft:jump":2182,"minecraft:walk_on_water_one_cm":9864,"minecraft:fall_one_cm":52297},"minecraft:killed":{"minecraft:wolf":2,"minecraft:pig":4,"mineminenomi:sniper_target":18,"minecraft:spider":7,"mineminenomi:marine_captain":3,"mineminenomi:marine_grunt":37,"minecraft:creeper":12,"minecraft:skeleton":16,"mineminenomi:marine_sniper":4,"minecraft:zombie":16,"minecraft:llama":9,"mineminenomi:bandit_grunt":6,"mineminenomi:marine_brute":11,"minecraft:cow":10}},"DataVersion":2586}