{"stats":{"minecraft:picked_up":{"minecraft:oak_log":23,"minecraft:oak_sapling":1},"minecraft:custom":{"minecraft:jump":102,"minecraft:time_since_rest":5713,"minecraft:damage_dealt":10,"minecraft:crouch_one_cm":182,"minecraft:sprint_one_cm":6977,"minecraft:play_time":5713,"minecraft:time_since_death":5713,"minecraft:walk_one_cm":6510,"minecraft:sneak_time":286,"minecraft:total_world_time":5713,"minecraft:fall_one_cm":4238,"minecraft:fly_one_cm":21378},"minecraft:mined":{"minecraft:grass":3,"minecraft:oak_log":23},"minecraft:used":{"minecraft:oak_log":1}},"DataVersion":3465}