{"stats":{"minecraft:dropped":{"minecraft:wheat_seeds":3,"minecraft:dirt":17,"minecraft:white_wool":7},"minecraft:picked_up":{"minecraft:crafting_table":7,"minecraft:chainmail_boots":1,"minecraft:leather":16,"minecraft:oak_log":17,"minecraft:gunpowder":3,"minecraft:dirt":42,"minecraft:item_frame":8,"minecraft:wheat_seeds":3,"minecraft:beef":35,"minecraft:iron_sword":1,"minecraft:egg":2,"minecraft:book":3,"minecraft:stick":1,"minecraft:raw_iron":1,"apotheosis:gem":8,"minecraft:porkchop":32,"minecraft:ink_sac":3,"minecraft:white_bed":3,"minecraft:rotten_flesh":3,"minecraft:hay_block":53,"minecraft:emerald":1,"minecraft:cobblestone":7,"minecraft:black_wool":2,"minecraft:mutton":20,"minecraft:coal":54,"minecraft:white_wool":17},"minecraft:custom":{"minecraft:mob_kills":50,"minecraft:interact_with_crafting_table":7,"minecraft:damage_dealt_resisted":0,"minecraft:leave_game":5,"minecraft:time_since_death":1061,"minecraft:sleep_in_bed":3,"minecraft:time_since_rest":1855,"minecraft:sprint_one_cm":211565,"minecraft:damage_taken":1178,"minecraft:walk_one_cm":108496,"minecraft:trigger_trapped_chest":3,"minecraft:drop":5,"minecraft:damage_dealt":5453,"minecraft:swim_one_cm":29006,"minecraft:talked_to_villager":1,"minecraft:fly_one_cm":488069,"minecraft:open_chest":16,"minecraft:crouch_one_cm":1282,"minecraft:play_time":39685,"minecraft:deaths":2,"minecraft:sneak_time":153,"minecraft:walk_under_water_one_cm":4846,"minecraft:jump":1312,"minecraft:walk_on_water_one_cm":4330,"minecraft:total_world_time":39685,"minecraft:fall_one_cm":43630,"minecraft:horse_one_cm":36457},"minecraft:used":{"minecraft:iron_sword":75,"minecraft:dirt":8,"minecraft:crafting_table":6,"minecraft:white_bed":3,"minecraft:oak_log":1,"minecraft:iron_axe":52,"minecraft:bread":13,"minecraft:iron_pickaxe":60,"minecraft:golden_helmet":1,"minecraft:beef":2,"minecraft:hay_block":9,"minecraft:egg":2},"minecraft:killed":{"minecraft:pig":15,"minecraft:vindicator":2,"minecraft:creeper":2,"minecraft:squid":1,"minecraft:sheep":12,"minecraft:zombie":2,"minecraft:cow":15},"minecraft:mined":{"minecraft:white_bed":3,"minecraft:crafting_table":7,"minecraft:grass_block":1,"minecraft:tall_grass":5,"minecraft:spruce_leaves":3,"minecraft:hay_block":53,"minecraft:iron_ore":1,"minecraft:birch_leaves":1,"minecraft:tnt":3,"minecraft:grass":9,"minecraft:bookshelf":5,"minecraft:oak_log":17,"minecraft:coal_ore":54,"minecraft:stone":5,"minecraft:oak_leaves":1},"minecraft:crafted":{"minecraft:oak_planks":16,"sophisticatedbackpacks:backpack":1,"sophisticatedbackpacks:gold_backpack":1,"minecraft:bread":36,"minecraft:air":240,"minecraft:stick":8,"minecraft:iron_ingot":1,"minecraft:iron_pickaxe":1,"minecraft:chest":1,"minecraft:white_bed":1,"skilltree:simple_necklace":1,"minecraft:wheat":12,"sophisticatedbackpacks:iron_backpack":1},"minecraft:killed_by":{"minecraft:vindicator":1}},"DataVersion":3465}