{"stats":{"minecraft:dropped":{"minecraft:wheat_seeds":4},"minecraft:picked_up":{"heroes:brain":4,"minecraft:stick":2,"minecraft:oak_log":23,"minecraft:orange_wool":6,"minecraft:rotten_flesh":3,"minecraft:decorated_pot":1,"minecraft:wheat_seeds":4,"ars_nouveau:sourceberry_bush":17,"minecraft:oak_sapling":1,"minecraft:cobblestone":59},"minecraft:custom":{"minecraft:time_since_rest":9752,"minecraft:waystone_activated":1,"minecraft:sprint_one_cm":40899,"minecraft:damage_taken":1545,"minecraft:walk_one_cm":29298,"minecraft:drop":1,"minecraft:damage_dealt":20,"minecraft:swim_one_cm":69934,"minecraft:interact_with_crafting_table":2,"minecraft:fly_one_cm":127039,"minecraft:crouch_one_cm":2360,"minecraft:play_time":29713,"minecraft:deaths":5,"minecraft:sneak_time":1285,"minecraft:walk_under_water_one_cm":35734,"minecraft:jump":512,"minecraft:walk_on_water_one_cm":4444,"minecraft:time_since_death":9724,"minecraft:total_world_time":29713,"minecraft:fall_one_cm":20716},"minecraft:killed_by":{"minecraft:skeleton":3,"minecraft:creeper":1},"minecraft:broken":{"minecraft:wooden_pickaxe":1},"minecraft:mined":{"minecraft:orange_wool":6,"minecraft:grass":3,"minecraft:oak_log":23,"minecraft:decorated_pot":1,"minecraft:gravel":1,"minecraft:tall_grass":1,"minecraft:stone":59,"minecraft:suspicious_gravel":1},"minecraft:used":{"minecraft:oak_log":1,"minecraft:command_block":2,"minecraft:wooden_pickaxe":59,"minecraft:deepslate":33,"minecraft:bedrock":3,"heroes:brain":3,"minecraft:crafting_table":1,"ars_nouveau:sourceberry_bush":1},"minecraft:crafted":{"minecraft:oak_planks":88,"minecraft:crafting_table":1,"minecraft:stick":32,"minecraft:wooden_pickaxe":1,"minecraft:stone_pickaxe":1,"minecraft:stone_sword":1,"minecraft:stone_axe":1}},"DataVersion":3465}