{"stats":{"minecraft:dropped":{"minecraft:wheat_seeds":3},"minecraft:picked_up":{"minecraft:raw_iron":1,"minecraft:crafting_table":5,"apotheosis:gem":8,"minecraft:chainmail_boots":1,"minecraft:leather":16,"minecraft:porkchop":32,"minecraft:oak_log":17,"minecraft:ink_sac":3,"minecraft:white_bed":3,"minecraft:dirt":25,"minecraft:item_frame":8,"minecraft:rotten_flesh":3,"minecraft:wheat_seeds":3,"minecraft:hay_block":53,"minecraft:beef":35,"minecraft:coal":54,"minecraft:black_wool":2,"minecraft:mutton":20,"minecraft:cobblestone":7,"minecraft:white_wool":10,"minecraft:egg":2},"minecraft:custom":{"minecraft:time_since_rest":2007,"minecraft:sprint_one_cm":120917,"minecraft:damage_taken":200,"minecraft:walk_one_cm":75015,"minecraft:trigger_trapped_chest":3,"minecraft:mob_kills":46,"minecraft:drop":3,"minecraft:damage_dealt":4464,"minecraft:interact_with_crafting_table":4,"minecraft:swim_one_cm":24160,"minecraft:fly_one_cm":218918,"minecraft:talked_to_villager":1,"minecraft:open_chest":3,"minecraft:play_time":26102,"minecraft:crouch_one_cm":554,"minecraft:sneak_time":52,"minecraft:walk_under_water_one_cm":3877,"minecraft:jump":798,"minecraft:damage_dealt_resisted":0,"minecraft:leave_game":2,"minecraft:time_since_death":26102,"minecraft:walk_on_water_one_cm":2106,"minecraft:sleep_in_bed":3,"minecraft:total_world_time":26102,"minecraft:fall_one_cm":30130,"minecraft:horse_one_cm":36457},"minecraft:used":{"minecraft:oak_log":1,"minecraft:iron_axe":47,"minecraft:bread":4,"minecraft:iron_pickaxe":60,"minecraft:iron_sword":51,"minecraft:golden_helmet":1,"minecraft:dirt":8,"minecraft:beef":2,"minecraft:crafting_table":4,"minecraft:white_bed":3,"minecraft:egg":2},"minecraft:killed":{"minecraft:sheep":12,"minecraft:zombie":2,"minecraft:pig":15,"minecraft:squid":1,"minecraft:cow":15},"minecraft:mined":{"minecraft:hay_block":53,"minecraft:white_bed":3,"minecraft:iron_ore":1,"minecraft:tnt":3,"minecraft:crafting_table":5,"minecraft:grass":9,"minecraft:coal_ore":54,"minecraft:bookshelf":3,"minecraft:grass_block":1,"minecraft:oak_log":17,"minecraft:tall_grass":5,"minecraft:spruce_leaves":1,"minecraft:stone":5,"minecraft:oak_leaves":1},"minecraft:crafted":{"minecraft:oak_planks":16,"minecraft:stick":8,"minecraft:iron_pickaxe":1,"minecraft:white_bed":1,"minecraft:bread":36,"minecraft:air":240,"minecraft:wheat":12}},"DataVersion":3465}