{"stats":{"minecraft:dropped":{"minecraft:wheat_seeds":5,"minecraft:stripped_dark_oak_log":4,"vinery:rotten_cherry":4},"minecraft:killed":{"minecraft:pig":3,"minecraft:sheep":2,"minecraft:horse":1,"minecraft:zombie":1,"minecraft:cow":1},"minecraft:picked_up":{"heroes:brain":4,"minecraft:crafting_table":3,"vinery:red_grape":2,"minecraft:azure_bluet":1,"vinery:rotten_cherry":4,"minecraft:leather":3,"vinery:red_grape_seeds":19,"minecraft:oak_log":23,"minecraft:cornflower":2,"minecraft:wheat_seeds":5,"minecraft:beef":3,"vinery:cherry":1,"minecraft:furnace":1,"minecraft:stick":4,"minecraft:raw_iron":20,"minecraft:porkchop":6,"vinery:white_grape":2,"minecraft:blast_furnace":1,"minecraft:white_bed":1,"minecraft:orange_wool":6,"minecraft:rotten_flesh":3,"minecraft:decorated_pot":1,"vinery:white_grape_seeds":24,"ars_nouveau:sourceberry_bush":17,"minecraft:oak_sapling":1,"minecraft:stripped_dark_oak_log":4,"minecraft:sunflower":1,"minecraft:mutton":10,"minecraft:cobblestone":61,"minecraft:white_wool":5},"minecraft:custom":{"minecraft:interact_with_furnace":16,"minecraft:mob_kills":13,"minecraft:interact_with_crafting_table":11,"minecraft:open_barrel":2,"minecraft:leave_game":1,"minecraft:time_since_death":51713,"minecraft:sleep_in_bed":2,"minecraft:climb_one_cm":1218,"minecraft:time_since_rest":22038,"minecraft:waystone_activated":3,"minecraft:sprint_one_cm":167973,"minecraft:damage_taken":1888,"minecraft:walk_one_cm":84300,"minecraft:drop":5,"minecraft:damage_dealt":1391,"minecraft:swim_one_cm":71250,"minecraft:talked_to_villager":1,"minecraft:fly_one_cm":515292,"minecraft:open_chest":9,"minecraft:crouch_one_cm":4850,"minecraft:play_time":71702,"minecraft:deaths":5,"minecraft:sneak_time":1714,"minecraft:walk_under_water_one_cm":36241,"minecraft:jump":1938,"minecraft:walk_on_water_one_cm":5515,"minecraft:interact_with_smoker":2,"minecraft:total_world_time":71702,"minecraft:fall_one_cm":70749},"minecraft:killed_by":{"minecraft:skeleton":3,"minecraft:creeper":1},"minecraft:broken":{"minecraft:wooden_pickaxe":1},"minecraft:mined":{"minecraft:white_bed":1,"vinery:dark_cherry_leaves":24,"minecraft:stripped_dark_oak_log":4,"minecraft:orange_wool":6,"minecraft:crafting_table":3,"minecraft:cornflower":2,"minecraft:blast_furnace":1,"vinery:red_grape_bush":9,"minecraft:decorated_pot":1,"minecraft:tall_grass":4,"minecraft:cobblestone":1,"ars_nouveau:sourceberry_bush":1,"vinery:white_grape_bush":12,"minecraft:furnace":1,"minecraft:iron_ore":8,"minecraft:azure_bluet":1,"minecraft:grass":9,"minecraft:oak_log":23,"minecraft:deepslate_iron_ore":12,"minecraft:sunflower":2,"minecraft:gravel":1,"minecraft:stone":60,"minecraft:suspicious_gravel":1},"minecraft:used":{"minecraft:stone_sword":14,"minecraft:stone_pickaxe":24,"minecraft:wooden_pickaxe":59,"minecraft:leather_chestplate":1,"vinery:white_grape":2,"heroes:brain":3,"minecraft:crafting_table":3,"minecraft:white_bed":1,"minecraft:oak_log":1,"minecraft:apple":6,"minecraft:command_block":2,"minecraft:bread":5,"minecraft:deepslate":33,"minecraft:bedrock":3,"minecraft:stone_axe":3,"minecraft:cobblestone":9,"ars_nouveau:sourceberry_bush":14,"minecraft:furnace":1,"vinery:red_grape":2},"minecraft:crafted":{"minecraft:oak_planks":88,"sophisticatedbackpacks:backpack":4,"minecraft:crafting_table":1,"minecraft:wooden_pickaxe":1,"minecraft:furnace":1,"minecraft:stone_axe":1,"minecraft:air":0,"minecraft:blue_dye":2,"minecraft:charcoal":14,"minecraft:stick":32,"minecraft:iron_ingot":15,"minecraft:stone_pickaxe":1,"minecraft:stone_sword":1,"minecraft:chest":1,"minecraft:white_bed":1,"minecraft:light_gray_dye":1,"sophisticatedbackpacks:iron_backpack":1}},"DataVersion":3465}