{"stats":{"minecraft:dropped":{"minecraft:porkchop":2,"minecraft:wheat_seeds":6,"vinery:rotten_cherry":4,"minecraft:coal":9,"minecraft:diorite":1,"electrodynamics:raworesilver":1,"minecraft:dandelion":1,"minecraft:kelp":2,"heroes:brain":2,"minecraft:obsidian":7,"minecraft:stripped_dark_oak_log":4,"minecraft:rotten_flesh":1,"relics:arrow_quiver":1,"minecraft:beef":2},"minecraft:killed":{"minecraft:spider":2,"minecraft:horse":1,"minecraft:skeleton":1,"eidolon:wraith":1,"alexsmobs:banana_slug":3,"minecraft:pig":4,"minecraft:creeper":1,"minecraft:sheep":3,"minecraft:zombie":9,"minecraft:cow":1},"minecraft:picked_up":{"minecraft:charcoal":5,"electrodynamics:raworesilver":1,"minecraft:crafting_table":10,"vinery:red_grape":4,"minecraft:azure_bluet":1,"minecraft:suspicious_stew":1,"minecraft:lead":7,"vinery:red_grape_seeds":19,"minecraft:gold_block":2,"minecraft:cornflower":2,"minecraft:string":4,"minecraft:blackstone":122,"minecraft:cobbled_deepslate":40,"minecraft:beef":3,"minecraft:oak_boat":1,"vinery:cherry":2,"minecraft:egg":1,"minecraft:furnace":4,"minecraft:raw_iron":99,"minecraft:stick":31,"minecraft:torch":5,"minecraft:porkchop":9,"minecraft:diorite":1,"minecraft:redstone":18,"minecraft:orange_bed":2,"eidolon:tattered_cloth":1,"farmersdelight:fried_egg":2,"minecraft:arrow":1,"minecraft:rotten_flesh":16,"minecraft:decorated_pot":1,"relics:arrow_quiver":1,"vinery:white_grape_seeds":24,"minecraft:hay_block":36,"ars_nouveau:sourceberry_bush":19,"minecraft:obsidian":31,"minecraft:mutton":14,"minecraft:cobblestone":104,"minecraft:white_wool":8,"minecraft:rail":2,"heroes:brain":6,"minecraft:feather":1,"minecraft:cooked_beef":2,"vinery:rotten_cherry":4,"minecraft:andesite":175,"minecraft:leather":3,"minecraft:tuff":15,"minecraft:oak_log":23,"farmersdelight:skillet":2,"minecraft:bone":2,"electrodynamics:crystalpotassiumchloride":3,"minecraft:kelp":2,"minecraft:wheat_seeds":7,"minecraft:raw_gold":24,"minecraft:iron_ingot":10,"ironfurnaces:iron_furnace":1,"minecraft:oak_planks":7,"vinery:taiga_grape_seeds_white":1,"minecraft:sweet_berries":3,"vinery:taiga_grape_seeds_red":5,"minecraft:dandelion":1,"vinery:white_grape":2,"minecraft:blast_furnace":1,"minecraft:white_bed":4,"minecraft:spider_eye":1,"minecraft:orange_wool":6,"minecraft:diamond":5,"minecraft:emerald":1,"minecraft:bread":128,"alexsmobs:banana_slug_slime":3,"minecraft:oak_sapling":1,"farmersdelight:stove":1,"minecraft:stripped_dark_oak_log":4,"minecraft:sunflower":1},"minecraft:custom":{"minecraft:mob_kills":34,"minecraft:interact_with_crafting_table":25,"minecraft:open_barrel":15,"minecraft:leave_game":2,"minecraft:time_since_death":92802,"minecraft:climb_one_cm":2816,"minecraft:sprint_one_cm":509847,"minecraft:walk_one_cm":298102,"minecraft:drop":26,"minecraft:damage_dealt_absorbed":90,"minecraft:talked_to_villager":2,"minecraft:play_time":196450,"minecraft:deaths":10,"minecraft:sneak_time":5549,"minecraft:walk_under_water_one_cm":50892,"minecraft:boat_one_cm":151874,"minecraft:jump":5143,"minecraft:walk_on_water_one_cm":22944,"minecraft:total_world_time":196450,"minecraft:interact_with_furnace":30,"minecraft:interact_with_loom":1,"minecraft:sleep_in_bed":7,"minecraft:time_since_rest":6966,"minecraft:waystone_activated":6,"minecraft:damage_taken":4447,"minecraft:damage_dealt":4556,"minecraft:swim_one_cm":93569,"minecraft:fly_one_cm":1185794,"minecraft:open_chest":12,"minecraft:crouch_one_cm":17232,"minecraft:interact_with_smoker":2,"minecraft:fall_one_cm":184393},"minecraft:killed_by":{"minecraft:creeper":2,"eidolon:zombie_brute":1,"minecraft:skeleton":4,"minecraft:zombie":2},"minecraft:broken":{"minecraft:wooden_pickaxe":1,"minecraft:stone_pickaxe":1,"minecraft:iron_pickaxe":1},"minecraft:mined":{"minecraft:tuff":15,"minecraft:white_bed":4,"minecraft:deepslate_diamond_ore":5,"vinery:dark_cherry_leaves":40,"minecraft:orange_wool":6,"vinery:taiga_grape_bush_red":2,"minecraft:grass_block":1,"electrodynamics:deepslateoresylvite":1,"minecraft:decorated_pot":1,"ars_nouveau:sourceberry_bush":1,"minecraft:spawner":1,"minecraft:hay_block":17,"minecraft:furnace":4,"minecraft:iron_ore":63,"minecraft:fire":4,"minecraft:andesite":69,"minecraft:azure_bluet":1,"minecraft:gold_block":2,"vinery:taiga_grape_bush_white":1,"minecraft:deepslate_iron_ore":31,"minecraft:rail":1,"minecraft:stone":103,"minecraft:orange_bed":2,"electrodynamics:deepslateoresilver":1,"minecraft:deepslate_redstone_ore":4,"minecraft:blackstone":122,"minecraft:medium_amethyst_bud":1,"minecraft:stripped_dark_oak_log":4,"minecraft:powder_snow":3,"ironfurnaces:iron_furnace":1,"minecraft:crafting_table":10,"minecraft:cornflower":2,"minecraft:torch":3,"minecraft:blast_furnace":1,"vinery:red_grape_bush":9,"minecraft:tall_grass":5,"minecraft:cobblestone":1,"minecraft:deepslate_gold_ore":10,"minecraft:oak_planks":7,"minecraft:diorite":1,"minecraft:wall_torch":2,"vinery:white_grape_bush":12,"farmersdelight:skillet":2,"minecraft:sweet_berry_bush":1,"minecraft:grass":13,"minecraft:oak_log":23,"minecraft:sunflower":2,"minecraft:gravel":1,"farmersdelight:stove":1,"minecraft:gold_ore":14,"minecraft:deepslate":40,"minecraft:suspicious_gravel":1},"minecraft:used":{"minecraft:stone_sword":57,"farmersdelight:stove":1,"vinery:white_grape":2,"minecraft:rotten_flesh":3,"minecraft:orange_bed":2,"minecraft:torch":18,"heroes:brain":3,"minecraft:bedrock":3,"ironfurnaces:iron_furnace":1,"minecraft:beef":3,"minecraft:furnace":2,"ars_nouveau:sourceberry_bush":16,"minecraft:cobbled_deepslate":40,"vinery:red_grape":2,"minecraft:cooked_mutton":9,"farmersdelight:skillet":3,"minecraft:stone_pickaxe":133,"minecraft:oak_planks":5,"minecraft:blackstone":2,"minecraft:leather_chestplate":1,"minecraft:wooden_pickaxe":59,"minecraft:crafting_table":10,"minecraft:white_bed":5,"minecraft:oak_log":1,"minecraft:apple":6,"minecraft:command_block":2,"minecraft:suspicious_stew":1,"minecraft:bread":22,"minecraft:iron_pickaxe":307,"minecraft:deepslate":33,"minecraft:stone_axe":19,"minecraft:cobblestone":42,"farmersdelight:egg_sandwich":1,"alexsmobs:animal_dictionary":13,"minecraft:oak_boat":1},"minecraft:crafted":{"minecraft:oak_planks":88,"ironfurnaces:gold_furnace":1,"minecraft:furnace":1,"ironfurnaces:iron_furnace":1,"minecraft:cooked_mutton":0,"minecraft:stone_pickaxe":1,"minecraft:chest":1,"minecraft:wheat":117,"sophisticatedbackpacks:iron_backpack":1,"sophisticatedbackpacks:backpack":4,"minecraft:crafting_table":1,"minecraft:wooden_pickaxe":1,"farmersdelight:egg_sandwich":1,"minecraft:stone_axe":1,"minecraft:bread":39,"minecraft:air":0,"minecraft:blue_dye":2,"minecraft:oak_boat":1,"minecraft:charcoal":14,"minecraft:stick":32,"minecraft:iron_ingot":23,"minecraft:iron_pickaxe":2,"minecraft:stone_sword":1,"minecraft:gold_ingot":9,"minecraft:light_gray_dye":1,"minecraft:white_bed":1,"minecraft:orange_bed":1,"minecraft:torch":24}},"DataVersion":3465}