{"stats":{"minecraft:dropped":{"minecraft:gravel":2,"minecraft:iron_sword":1,"minecraft:wheat_seeds":3,"minecraft:golden_helmet":1,"heroes:brain":1,"minecraft:leather_chestplate":1,"minecraft:dirt":17,"minecraft:white_wool":7},"minecraft:picked_up":{"sophisticatedbackpacks:gold_backpack":2,"heroes:brain":2,"skilltree:simple_necklace":2,"minecraft:crafting_table":9,"minecraft:leather_chestplate":2,"minecraft:chainmail_boots":3,"minecraft:leather_leggings":2,"minecraft:leather":40,"artifacts:anglers_hat":2,"minecraft:enchanted_book":2,"minecraft:flint":4,"minecraft:oak_log":17,"minecraft:chainmail_chestplate":1,"minecraft:gunpowder":20,"minecraft:dirt":42,"minecraft:iron_axe":2,"minecraft:name_tag":2,"minecraft:item_frame":24,"minecraft:bone":8,"minecraft:gold_nugget":16,"minecraft:wheat_seeds":3,"minecraft:iron_ingot":18,"minecraft:beef":35,"minecraft:iron_nugget":8,"minecraft:iron_pickaxe":2,"minecraft:chest":26,"minecraft:oak_planks":74,"minecraft:iron_sword":6,"minecraft:egg":2,"minecraft:book":3,"minecraft:golden_helmet":2,"minecraft:stick":63,"minecraft:raw_iron":22,"apotheosis:gem":9,"patchouli:guide_book":4,"minecraft:dripstone_block":1,"minecraft:gravel":2,"minecraft:fire_charge":4,"minecraft:porkchop":32,"minecraft:pointed_dripstone":21,"minecraft:ink_sac":3,"minecraft:white_bed":5,"minecraft:arrow":5,"minecraft:rotten_flesh":5,"minecraft:hay_block":126,"minecraft:chainmail_helmet":1,"minecraft:gold_ingot":30,"minecraft:bread":64,"minecraft:emerald":5,"minecraft:cobblestone":21,"minecraft:black_wool":2,"minecraft:mutton":20,"minecraft:coal":162,"minecraft:white_wool":31},"minecraft:custom":{"minecraft:mob_kills":77,"minecraft:interact_with_crafting_table":7,"minecraft:damage_dealt_resisted":0,"minecraft:leave_game":5,"minecraft:time_since_death":11343,"minecraft:sleep_in_bed":3,"minecraft:time_since_rest":11366,"minecraft:sprint_one_cm":274207,"minecraft:damage_taken":1662,"minecraft:walk_one_cm":179345,"minecraft:trigger_trapped_chest":3,"minecraft:drop":10,"minecraft:damage_dealt":10819,"minecraft:swim_one_cm":29006,"minecraft:talked_to_villager":1,"minecraft:fly_one_cm":764706,"minecraft:open_chest":23,"minecraft:crouch_one_cm":3125,"minecraft:play_time":54982,"minecraft:deaths":3,"minecraft:sneak_time":390,"minecraft:walk_under_water_one_cm":5253,"minecraft:jump":1607,"minecraft:walk_on_water_one_cm":6924,"minecraft:total_world_time":54982,"minecraft:fall_one_cm":46945,"minecraft:horse_one_cm":36457},"minecraft:used":{"minecraft:chainmail_helmet":1,"minecraft:iron_sword":164,"minecraft:rotten_flesh":1,"heroes:brain":1,"minecraft:dirt":8,"minecraft:crafting_table":6,"minecraft:white_bed":3,"minecraft:oak_log":1,"minecraft:iron_axe":78,"minecraft:bread":17,"minecraft:iron_pickaxe":90,"minecraft:golden_helmet":1,"minecraft:beef":2,"minecraft:hay_block":9,"minecraft:egg":2},"minecraft:killed":{"minecraft:pig":15,"minecraft:vindicator":4,"minecraft:creeper":12,"minecraft:squid":1,"minecraft:skeleton":5,"minecraft:sheep":12,"minecraft:zombie":12,"minecraft:cow":15},"minecraft:mined":{"minecraft:white_bed":3,"minecraft:brown_carpet":4,"minecraft:crafting_table":7,"minecraft:grass_block":1,"minecraft:chest":14,"minecraft:tall_grass":5,"minecraft:spruce_leaves":3,"minecraft:hay_block":62,"minecraft:iron_ore":9,"minecraft:birch_leaves":1,"minecraft:tnt":3,"minecraft:grass":9,"minecraft:pointed_dripstone":8,"minecraft:bookshelf":5,"minecraft:oak_log":17,"minecraft:coal_ore":54,"minecraft:deepslate_iron_ore":13,"minecraft:stone":5,"minecraft:deepslate":1,"minecraft:oak_leaves":1},"minecraft:crafted":{"minecraft:oak_planks":16,"sophisticatedbackpacks:backpack":1,"sophisticatedbackpacks:gold_backpack":1,"minecraft:bread":36,"minecraft:air":240,"minecraft:stick":8,"minecraft:iron_ingot":1,"minecraft:iron_pickaxe":1,"minecraft:chest":1,"minecraft:white_bed":1,"skilltree:simple_necklace":1,"minecraft:wheat":12,"sophisticatedbackpacks:iron_backpack":1},"minecraft:killed_by":{"minecraft:vindicator":1,"minecraft:skeleton":1}},"DataVersion":3465}