{"stats":{"minecraft:dropped":{"minecraft:wheat_seeds":4},"minecraft:killed":{"minecraft:pig":3,"minecraft:horse":1,"minecraft:zombie":1},"minecraft:picked_up":{"heroes:brain":4,"minecraft:crafting_table":3,"vinery:red_grape":2,"minecraft:azure_bluet":1,"vinery:red_grape_seeds":19,"minecraft:oak_log":23,"minecraft:cornflower":2,"minecraft:wheat_seeds":4,"minecraft:furnace":1,"minecraft:stick":2,"minecraft:raw_iron":15,"minecraft:porkchop":6,"minecraft:blast_furnace":1,"minecraft:white_bed":1,"minecraft:orange_wool":6,"minecraft:rotten_flesh":3,"minecraft:decorated_pot":1,"vinery:white_grape_seeds":12,"ars_nouveau:sourceberry_bush":17,"minecraft:oak_sapling":1,"minecraft:mutton":8,"minecraft:white_wool":3,"minecraft:cobblestone":60,"minecraft:sunflower":1},"minecraft:custom":{"minecraft:interact_with_furnace":16,"minecraft:mob_kills":9,"minecraft:interact_with_crafting_table":11,"minecraft:open_barrel":2,"minecraft:time_since_death":33724,"minecraft:sleep_in_bed":2,"minecraft:time_since_rest":4049,"minecraft:waystone_activated":3,"minecraft:sprint_one_cm":118154,"minecraft:damage_taken":1738,"minecraft:walk_one_cm":62162,"minecraft:drop":1,"minecraft:damage_dealt":1006,"minecraft:swim_one_cm":71250,"minecraft:talked_to_villager":1,"minecraft:fly_one_cm":352986,"minecraft:open_chest":7,"minecraft:crouch_one_cm":4615,"minecraft:play_time":53713,"minecraft:deaths":5,"minecraft:sneak_time":1630,"minecraft:walk_under_water_one_cm":36241,"minecraft:jump":1369,"minecraft:walk_on_water_one_cm":5515,"minecraft:total_world_time":53713,"minecraft:interact_with_smoker":2,"minecraft:fall_one_cm":45521},"minecraft:killed_by":{"minecraft:skeleton":3,"minecraft:creeper":1},"minecraft:broken":{"minecraft:wooden_pickaxe":1},"minecraft:mined":{"minecraft:white_bed":1,"minecraft:orange_wool":6,"minecraft:crafting_table":3,"minecraft:cornflower":2,"minecraft:blast_furnace":1,"vinery:red_grape_bush":9,"minecraft:decorated_pot":1,"minecraft:tall_grass":2,"minecraft:cobblestone":1,"ars_nouveau:sourceberry_bush":1,"vinery:white_grape_bush":6,"minecraft:furnace":1,"minecraft:iron_ore":3,"minecraft:azure_bluet":1,"minecraft:grass":7,"minecraft:oak_log":23,"minecraft:deepslate_iron_ore":12,"minecraft:sunflower":2,"minecraft:gravel":1,"minecraft:stone":59,"minecraft:suspicious_gravel":1},"minecraft:used":{"minecraft:stone_sword":12,"minecraft:stone_pickaxe":18,"minecraft:wooden_pickaxe":59,"minecraft:leather_chestplate":1,"heroes:brain":3,"minecraft:crafting_table":3,"minecraft:white_bed":1,"minecraft:oak_log":1,"minecraft:command_block":2,"minecraft:bread":5,"minecraft:deepslate":33,"minecraft:bedrock":3,"minecraft:stone_axe":3,"minecraft:cobblestone":9,"minecraft:furnace":1,"ars_nouveau:sourceberry_bush":14,"vinery:red_grape":2},"minecraft:crafted":{"minecraft:oak_planks":88,"sophisticatedbackpacks:backpack":4,"minecraft:crafting_table":1,"minecraft:wooden_pickaxe":1,"minecraft:furnace":1,"minecraft:stone_axe":1,"minecraft:air":0,"minecraft:blue_dye":2,"minecraft:charcoal":14,"minecraft:stick":32,"minecraft:iron_ingot":15,"minecraft:stone_pickaxe":1,"minecraft:stone_sword":1,"minecraft:chest":1,"minecraft:white_bed":1,"minecraft:light_gray_dye":1,"sophisticatedbackpacks:iron_backpack":1}},"DataVersion":3465}