{"stats":{"minecraft:custom":{"minecraft:time_since_rest":4445,"minecraft:sprint_one_cm":89706,"minecraft:damage_taken":190,"minecraft:walk_one_cm":64882,"minecraft:trigger_trapped_chest":2,"minecraft:mob_kills":42,"minecraft:drop":3,"minecraft:damage_dealt":4084,"minecraft:interact_with_crafting_table":4,"minecraft:swim_one_cm":16090,"minecraft:talked_to_villager":1,"minecraft:fly_one_cm":188647,"minecraft:open_chest":3,"minecraft:play_time":20487,"minecraft:crouch_one_cm":540,"minecraft:sneak_time":51,"minecraft:walk_under_water_one_cm":3730,"minecraft:jump":657,"minecraft:damage_dealt_resisted":0,"minecraft:leave_game":2,"minecraft:time_since_death":20487,"minecraft:walk_on_water_one_cm":742,"minecraft:sleep_in_bed":2,"minecraft:total_world_time":20487,"minecraft:fall_one_cm":27226,"minecraft:horse_one_cm":36457},"minecraft:picked_up":{"minecraft:raw_iron":1,"minecraft:crafting_table":5,"apotheosis:gem":4,"minecraft:chainmail_boots":1,"minecraft:leather":12,"minecraft:porkchop":32,"minecraft:oak_log":17,"minecraft:ink_sac":3,"minecraft:white_bed":2,"minecraft:dirt":25,"minecraft:item_frame":4,"minecraft:rotten_flesh":3,"minecraft:wheat_seeds":3,"minecraft:hay_block":53,"minecraft:beef":28,"minecraft:black_wool":2,"minecraft:mutton":18,"minecraft:cobblestone":3,"minecraft:white_wool":9,"minecraft:egg":2},"minecraft:crafted":{"minecraft:oak_planks":16,"minecraft:stick":8,"minecraft:iron_pickaxe":1,"minecraft:white_bed":1,"minecraft:bread":36,"minecraft:air":240,"minecraft:wheat":12},"minecraft:used":{"minecraft:oak_log":1,"minecraft:iron_axe":45,"minecraft:bread":3,"minecraft:iron_pickaxe":2,"minecraft:iron_sword":43,"minecraft:golden_helmet":1,"minecraft:dirt":8,"minecraft:beef":2,"minecraft:crafting_table":4,"minecraft:white_bed":2},"minecraft:dropped":{"minecraft:wheat_seeds":3},"minecraft:mined":{"minecraft:hay_block":53,"minecraft:white_bed":2,"minecraft:iron_ore":1,"minecraft:tnt":2,"minecraft:crafting_table":5,"minecraft:grass":9,"minecraft:bookshelf":2,"minecraft:grass_block":1,"minecraft:oak_log":17,"minecraft:tall_grass":5,"minecraft:stone":1,"minecraft:oak_leaves":1},"minecraft:killed":{"minecraft:sheep":11,"minecraft:zombie":2,"minecraft:pig":15,"minecraft:squid":1,"minecraft:cow":12}},"DataVersion":3465}