{"stats":{"minecraft:picked_up":{"minecraft:stick":2,"heroes:brain":1,"minecraft:oak_log":23,"minecraft:oak_sapling":1},"minecraft:custom":{"minecraft:time_since_rest":1914,"minecraft:crouch_one_cm":224,"minecraft:damage_taken":260,"minecraft:play_time":17713,"minecraft:sprint_one_cm":10898,"minecraft:walk_one_cm":8832,"minecraft:deaths":2,"minecraft:sneak_time":812,"minecraft:walk_under_water_one_cm":32120,"minecraft:jump":172,"minecraft:damage_dealt":20,"minecraft:time_since_death":1883,"minecraft:walk_on_water_one_cm":2951,"minecraft:total_world_time":17713,"minecraft:swim_one_cm":58213,"minecraft:fall_one_cm":7247,"minecraft:fly_one_cm":44977},"minecraft:killed_by":{"minecraft:creeper":1},"minecraft:mined":{"minecraft:grass":3,"minecraft:oak_log":23},"minecraft:used":{"minecraft:oak_log":1,"minecraft:bedrock":3,"minecraft:command_block":2,"minecraft:deepslate":33}},"DataVersion":3465}