{"stats":{"minecraft:mined":{"minecraft:spruce_trapdoor":1,"minecraft:grass_block":1,"minecraft:tall_seagrass":1,"minecraft:mossy_cobblestone_slab":1,"minecraft:barrel":1,"minecraft:spruce_wood":1,"minecraft:dark_oak_wood":2,"minecraft:wall_torch":1,"minecraft:grass":21,"minecraft:oak_leaves":2,"minecraft:gray_stained_glass_pane":2,"minecraft:redstone_wire":1,"minecraft:spruce_leaves":4,"minecraft:large_fern":4,"minecraft:cobblestone_slab":1,"minecraft:white_wool":2,"minecraft:tall_grass":9,"minecraft:sculk":12,"minecraft:coarse_dirt":1,"minecraft:gravel":1,"minecraft:stone_bricks":1,"minecraft:fern":5},"minecraft:used":{"minecraft:ladder":2,"jujutsucraft:slaughter_demon":1,"jujutsucraft:sukuna_finger":19,"jujutsucraft:mahoraga_body_chestplate":2,"jujutsucraft:mahoraga_body_helmet":1,"jujutsucraft:clothes_zenin_boots":1,"jujutsucraft:hair_fushiguro_megumi_helmet":3,"minecraft:egg":1,"minecraft:wooden_pickaxe":8,"minecraft:white_wool":2,"jujutsucraft:mahoraga_body_leggings":2,"jujutsucraft:fester_life_blade":11,"jujutsucraft:uniform_normal_leggings":2,"minecraft:white_concrete":1,"jujutsucraft:clothes_kirara_helmet":1,"jujutsucraft:sword_ogi":2,"jujutsucraft:playful_cloud":12,"jujutsucraft:clothes_uraume_leggings":1,"jujutsucraft:hammer":4,"jujutsucraft:uniform_normal_boots":2,"jujutsucraft:nyoi_staff":5,"jujutsucraft:uniform_gojo_boots":1,"minecraft:crafting_table":1,"jujutsucraft:uniform_normal_chestplate":3,"jujutsucraft:clothes_kusakabe_chestplate":1,"jujutsucraft:dragon_bone":12,"jujutsucraft:sword_of_extermination":10,"jujutsucraft:clothes_nishimiya_helmet":1,"jujutsucraft:mahoraga_wheel_helmet":4},"minecraft:picked_up":{"minecraft:birch_door":2,"jujutsucraft:slaughter_demon":1,"jujutsucraft:uniform_normal_boots":3,"minecraft:stone_brick_stairs":1,"minecraft:oak_sign":4,"jujutsucraft:sword_black":3,"minecraft:rose_bush":1,"minecraft:cobblestone_slab":1,"minecraft:stick":12,"jujutsucraft:uniform_higuruma_leggings":1,"jujutsucraft:mahoraga_body_chestplate":4,"minecraft:torch":1,"minecraft:porkchop":6,"minecraft:vine":26,"minecraft:light_gray_banner":2,"minecraft:light_gray_bed":1,"jujutsucraft:naginata":2,"jujutsucraft:clothes_nanami_leggings":2,"jujutsucraft:hammer":2,"minecraft:mangrove_door":6,"jujutsucraft:recommendation_2":1,"jujutsucraft:clothes_kusakabe_chestplate":1,"jujutsucraft:mahoraga_body_helmet":1,"minecraft:jungle_log":1,"jujutsucraft:clothes_uraume_boots":1,"minecraft:dirt":17,"minecraft:lantern":5,"jujutsucraft:pendant_todo_aoi":2,"minecraft:bone":1,"minecraft:bow":1,"minecraft:wheat_seeds":2,"minecraft:pink_banner":1,"jujutsucraft:mei_mei_axe":1,"minecraft:bamboo":400,"jujutsucraft:uniform_normal_chestplate":1,"jujutsucraft:harisen":1,"minecraft:ink_sac":3,"minecraft:grass_block":2,"minecraft:jungle_leaves":2,"minecraft:lever":1,"minecraft:grass":1,"minecraft:white_concrete":3,"minecraft:oak_sapling":9,"minecraft:bricks":4,"minecraft:oak_leaves":26,"minecraft:spruce_leaves":4,"minecraft:coarse_dirt":1,"minecraft:ladder":2,"jujutsucraft:clothes_zenin_boots":2,"minecraft:acacia_door":1,"minecraft:large_fern":1,"minecraft:beef":4,"jujutsucraft:sword_shigemo":2,"jujutsucraft:sword_of_extermination":1,"minecraft:birch_sapling":1,"minecraft:spruce_trapdoor":1,"minecraft:egg":1,"jujutsucraft:hair_fushiguro_megumi_helmet":2,"minecraft:sandstone":1,"minecraft:stone":5,"jujutsucraft:sickle":1,"jujutsucraft:mahoraga_body_leggings":1,"jujutsucraft:clothes_nishimiya_helmet":1,"jujutsucraft:clothes_uraume_leggings":1,"jujutsucraft:playful_cloud":4,"jujutsucraft:gavel":1,"jujutsucraft:gavel_long":1,"minecraft:stone_button":3,"minecraft:carrot":2,"jujutsucraft:hanami_eye":1,"jujutsucraft:clothes_ishigori_leggings":1,"minecraft:mutton":3,"minecraft:skeleton_skull":1,"minecraft:white_wool":3,"jujutsucraft:g_staff":3,"jujutsucraft:uniform_gojo_boots":1,"jujutsucraft:mahoraga_wheel_helmet":1,"minecraft:salmon":22,"minecraft:leather":7,"jujutsucraft:sukuna_finger":8,"minecraft:deepslate_tile_slab":2,"minecraft:white_banner":3,"jujutsucraft:uniform_normal_leggings":2,"jujutsucraft:weapon_nanami":1,"minecraft:apple":1,"minecraft:stone_bricks":4,"jujutsucraft:knife":2,"minecraft:spruce_wood":1,"minecraft:tall_grass":1,"jujutsucraft:sword_miwa_kasumi":2,"minecraft:gray_bed":1,"minecraft:scaffolding":1,"jujutsucraft:clothes_kirara_helmet":1,"minecraft:daylight_detector":1,"minecraft:polished_diorite":2,"minecraft:birch_sign":1,"minecraft:dark_oak_wood":2},"minecraft:crafted":{"minecraft:crafting_table":1,"minecraft:spruce_planks":4,"minecraft:wooden_pickaxe":1,"minecraft:stick":4,"minecraft:dark_oak_planks":8},"minecraft:custom":{"minecraft:interact_with_crafting_table":2,"minecraft:open_barrel":46,"minecraft:bell_ring":3,"minecraft:leave_game":7,"minecraft:time_since_death":37005,"minecraft:damage_resisted":576496,"minecraft:sprint_one_cm":1524654,"minecraft:drop":164,"minecraft:talked_to_villager":2,"minecraft:play_time":371492,"minecraft:deaths":42,"minecraft:jump":8088,"minecraft:walk_on_water_one_cm":196050,"minecraft:sleep_in_bed":1,"minecraft:damage_dealt":5264,"minecraft:player_kills":2,"minecraft:crouch_one_cm":51381,"minecraft:interact_with_smoker":2,"minecraft:mob_kills":1480,"minecraft:damage_dealt_resisted":2101878,"minecraft:climb_one_cm":7914,"minecraft:walk_one_cm":1835780,"minecraft:sneak_time":14320,"minecraft:walk_under_water_one_cm":69499,"minecraft:interact_with_lectern":1,"minecraft:total_world_time":371492,"minecraft:interact_with_stonecutter":1,"minecraft:time_since_rest":37031,"minecraft:damage_taken":164953,"minecraft:swim_one_cm":80052,"minecraft:fly_one_cm":6732931,"minecraft:open_chest":54,"minecraft:fall_one_cm":509275},"minecraft:dropped":{"minecraft:daylight_detector":1,"minecraft:porkchop":6,"jujutsucraft:sword_shigemo":2,"minecraft:lantern":5,"jujutsucraft:sickle":1,"minecraft:leather":7,"minecraft:spruce_leaves":4,"minecraft:dirt":17,"minecraft:grass":1,"minecraft:stone_button":2,"minecraft:large_fern":1,"minecraft:mutton":3,"jujutsucraft:clothes_kirara_helmet":1,"minecraft:light_gray_banner":2,"jujutsucraft:mahoraga_body_chestplate":4,"jujutsucraft:mei_mei_axe":2,"minecraft:acacia_door":1,"minecraft:dark_oak_planks":3,"jujutsucraft:pendant_todo_aoi":2,"minecraft:white_wool":1,"jujutsucraft:sukuna_finger":1,"minecraft:bone":1,"jujutsucraft:nyoi_staff":1,"jujutsucraft:uniform_gojo_boots":1,"minecraft:lever":1,"jujutsucraft:clothes_ishigori_leggings":1,"jujutsucraft:sword_miwa_kasumi":2,"minecraft:birch_sapling":1,"jujutsucraft:cursed_technique_changer":1,"jujutsucraft:copied_cursed_technique":6,"jujutsucraft:naginata":2,"jujutsucraft:clothes_uraume_leggings":1,"jujutsucraft:knife":2,"minecraft:salmon":22,"minecraft:carrot":2,"minecraft:skeleton_skull":1,"minecraft:jungle_log":1,"minecraft:birch_door":2,"jujutsucraft:harisen":2,"jujutsucraft:hammer":1,"minecraft:beef":4,"minecraft:scaffolding":1,"minecraft:stone_brick_stairs":1,"minecraft:oak_leaves":26,"jujutsucraft:gavel_long":1,"jujutsucraft:uniform_higuruma_leggings":1,"minecraft:vine":19,"minecraft:wheat_seeds":2,"jujutsucraft:clothes_nishimiya_helmet":1,"jujutsucraft:sword_black":3,"jujutsucraft:clothes_nanami_leggings":2,"minecraft:deepslate_tile_slab":2,"jujutsucraft:hair_fushiguro_megumi_helmet":2,"jujutsucraft:gavel":1,"minecraft:stick":12,"jujutsucraft:slaughter_demon":2,"minecraft:ink_sac":3,"minecraft:torch":1,"minecraft:gray_bed":1,"minecraft:rose_bush":1,"minecraft:white_concrete":2,"minecraft:pink_banner":1,"minecraft:white_banner":3,"jujutsucraft:dragon_bone":1,"jujutsucraft:fester_life_blade":1,"minecraft:polished_diorite":2,"jujutsucraft:weapon_nanami":1,"minecraft:bricks":4,"jujutsucraft:uniform_normal_leggings":2,"minecraft:coarse_dirt":1,"jujutsucraft:playful_cloud":3,"jujutsucraft:item_master_simple_domain":1,"minecraft:tall_grass":1,"minecraft:mangrove_door":6,"minecraft:oak_sign":3,"jujutsucraft:uniform_normal_chestplate":1,"minecraft:cobblestone_slab":1,"minecraft:stone":5,"minecraft:spruce_trapdoor":1,"jujutsucraft:sword_ogi":1,"jujutsucraft:sword_kusakabe":1,"minecraft:light_gray_bed":1,"minecraft:oak_sapling":9,"minecraft:stone_bricks":4,"minecraft:birch_sign":1,"minecraft:bamboo":144,"jujutsucraft:clothes_zenin_boots":1,"minecraft:sandstone":1,"minecraft:bow":1,"minecraft:wooden_pickaxe":1,"jujutsucraft:uniform_normal_boots":3,"jujutsucraft:g_staff":3},"minecraft:killed":{"jujutsucraft:mimiko":6,"jujutsucraft:cursed_spirit_grade_32":31,"jujutsucraft:cursed_spirit_grade_31":15,"jujutsucraft:inumaki_toge":3,"jujutsucraft:cursed_spirit_grade_33":72,"jujutsucraft:stevenson_screen":12,"jujutsucraft:ishigori_ryu":2,"jujutsucraft:cursed_spirit_grade_11":5,"jujutsucraft:zenin_naobito":2,"jujutsucraft:doll_1":23,"jujutsucraft:zenin_naoya":1,"jujutsucraft:cursed_spirit_grade_12":1,"jujutsucraft:earthen_insect_trance":5,"jujutsucraft:tiger_funeral":1,"jujutsucraft:cursed_spirit_grade_37":1,"jujutsucraft:cursed_spirit_grade_35":16,"jujutsucraft:round_deer":1,"minecraft:cod":4,"jujutsucraft:zenin_naoya_cursed_spirit_1":1,"jujutsucraft:cursed_spirit_grade_39":52,"jujutsucraft:fushiguro_toji_bug":2,"jujutsucraft:sukuna_fushiguro":1,"minecraft:chicken":2,"jujutsucraft:cursed_spirit_grade_15":4,"jujutsucraft:cursed_spirit_grade_19":5,"jujutsucraft:cursed_spirit_grade_16":1,"jujutsucraft:panda_normal":6,"jujutsucraft:zenin_ogi":3,"jujutsucraft:cursed_spirit_grade_38":9,"jujutsucraft:cursed_spirit_grade_34":89,"jujutsucraft:miyo_rokujushi":1,"jujutsucraft:nanami_kento":8,"jujutsucraft:higuruma_hiromi":5,"jujutsucraft:nobara_kugisaki":2,"jujutsucraft:mei_mei":2,"jujutsucraft:hazenoki":3,"jujutsucraft:kusakabe_yatsuya":3,"minecraft:cat":1,"jujutsucraft:eight_handled_swrod_divergent_sila_divine_general_mahoraga":10,"jujutsucraft:garuda":2,"minecraft:pig":10,"jujutsucraft:zenin_chojuro":1,"jujutsucraft:max_elephant":3,"jujutsucraft:truck":1,"jujutsucraft:nishimiya_momo":8,"minecraft:salmon":8,"jujutsucraft:itadori_yuji_shinjuku":3,"jujutsucraft:awasaka_jiro":4,"jujutsucraft:zenin_jinichi":2,"jujutsucraft:choso":2,"jujutsucraft:curse_user_1":32,"jujutsucraft:cursed_spirit_grade_211":4,"jujutsucraft:cursed_spirit_grade_07":1,"jujutsucraft:itadori_yuji":5,"minecraft:sheep":5,"jujutsucraft:panda_gorilla":9,"jujutsucraft:cursed_spirit_grade_29":5,"jujutsucraft:cursed_spirit_grade_28":4,"jujutsucraft:cursed_spirit_grade_314":62,"minecraft:donkey":1,"jujutsucraft:cockroaches":22,"jujutsucraft:cursed_spirit_grade_18":3,"jujutsucraft:todo_aoi":7,"jujutsucraft:cursed_spirit_grade_17":5,"jujutsucraft:uro_takako":1,"jujutsucraft:cursed_spirit_grade_110":4,"jujutsucraft:cursed_spirit_grade_315":23,"jujutsucraft:cursed_spirit_grade_212":8,"jujutsucraft:takaba_fumihiko":2,"jujutsucraft:ice_spear":22,"jujutsucraft:cursed_spirit_grade_06":1,"jujutsucraft:sea_serpent_mini":2,"minecraft:cow":4,"jujutsucraft:wooden_ball_1":15,"jujutsucraft:entity_tornado":2,"jujutsucraft:transfigured_human_3":6,"jujutsucraft:cursed_spirit_grade_21":1,"jujutsucraft:reggie_star":2,"jujutsucraft:daido_hagane":1,"jujutsucraft:nue":1,"jujutsucraft:nanako":6,"jujutsucraft:charles_bernard":5,"jujutsucraft:cursed_spirit_grade_24":7,"jujutsucraft:tsukumo_yuki":2,"jujutsucraft:yoshino_junpei":9,"jujutsucraft:rock_fragment":3,"jujutsucraft:cursed_spirit_grade_318":50,"jujutsucraft:cursed_spirit_grade_316":17,"jujutsucraft:cursed_spirit_grade_26":2,"jujutsucraft:cursed_spirit_grade_22":7,"jujutsucraft:kumiya_juzo":4,"jujutsucraft:transfigured_human_2":4,"jujutsucraft:wooden_spear_2":8,"jujutsucraft:cursed_spirit_grade_03":2,"jujutsucraft:cursed_spirit_grade_01":6,"jujutsucraft:shikigami_pterosaur":1,"jujutsucraft:miwa_kasumi":6,"jujutsucraft:cursed_spirit_grade_04":5,"minecraft:horse":1,"jujutsucraft:wooden_spear_1":11,"jujutsucraft:cursed_spirit_grade_05":1,"jujutsucraft:fox_fire":5,"jujutsucraft:shigemo_haruta":8,"jujutsucraft:cursed_spirit_grade_312":11,"jujutsucraft:cursed_spirit_grade_313":8,"jujutsucraft:toad":1,"jujutsucraft:rabbit_escape":40,"jujutsucraft:gojo_satoru_school_days":1,"jujutsucraft:rozetsu_shikigami":12,"jujutsucraft:cursed_spirit_grade_08":2,"jujutsucraft:cursed_spirit_grade_23":6,"jujutsucraft:itadori_yuji_shibuya":4,"jujutsucraft:eso":2,"jujutsucraft:cursed_spirit_grade_317":47,"jujutsucraft:cockroach_larva":16,"jujutsucraft:transfigured_human_1":9,"jujutsucraft:kurusu_hana":3,"jujutsucraft:cursed_spirit_grade_27":4,"minecraft:ocelot":2,"jujutsucraft:dagon_2":1,"jujutsucraft:uraume":6,"jujutsucraft:cursed_spirit_grade_210":4,"jujutsucraft:dagon_1":1,"jujutsucraft:kukuru":2,"jujutsucraft:ice_spear_2":17,"jujutsucraft:jujutsu_sorcerer":4,"jujutsucraft:cursed_spirit_grade_09":2,"jujutsucraft:piercing_ox":1,"minecraft:bat":35,"jujutsucraft:zenin_maki":10,"jujutsucraft:hakari_kinji":2,"jujutsucraft:curse_user":6,"jujutsucraft:mechamaru":4,"jujutsucraft:great_serpent":1,"jujutsucraft:yaga_masamichi":3,"minecraft:squid":23,"jujutsucraft:rozetsu":1,"jujutsucraft:entity_scissors":15,"jujutsucraft:cursed_spirit_grade_14":8,"jujutsucraft:cursed_spirit_grade_311":28,"jujutsucraft:cursed_spirit_grade_310":12,"jujutsucraft:cursed_spirit_grade_13":2,"jujutsucraft:negi_toshihisa":3,"jujutsucraft:slicing_exorcism":1,"jujutsucraft:miguel_dancer":1,"jujutsucraft:cursed_spirit_grade_36":52,"jujutsucraft:sukuna":1,"jujutsucraft:cursed_spirit_grade_25":5,"jujutsucraft:hanami":1,"jujutsucraft:moon_dregs":3,"jujutsucraft:cursed_spirit_grade_319":20,"jujutsucraft:hoshi_kirara":1,"jujutsucraft:geto_suguru_curse_user":1,"jujutsucraft:kamo_noritoshi":3,"minecraft:villager":2,"jujutsucraft:q":4,"jujutsucraft:fushiguro_megumi":3},"minecraft:killed_by":{"jujutsucraft:cursed_spirit_grade_22":8,"jujutsucraft:cursed_spirit_grade_28":1,"jujutsucraft:curse_user_1":2,"jujutsucraft:cursed_spirit_grade_212":3,"jujutsucraft:kamo_noritoshi":1,"jujutsucraft:ishigori_ryu":1,"jujutsucraft:q":2,"jujutsucraft:cursed_spirit_grade_29":3,"jujutsucraft:eight_handled_swrod_divergent_sila_divine_general_mahoraga":2,"minecraft:player":1,"jujutsucraft:kenjaku":1,"jujutsucraft:cursed_spirit_grade_312":1,"jujutsucraft:cursed_spirit_grade_13":1,"jujutsucraft:cursed_spirit_grade_314":1,"jujutsucraft:sukuna_fushiguro":2,"jujutsucraft:kumiya_juzo":1,"jujutsucraft:dhruv_lakdawalla":1}},"DataVersion":3465}