{"stats":{"minecraft:dropped":{"minecraft:wheat_seeds":5,"heroes:brain":1,"minecraft:stripped_dark_oak_log":4,"vinery:rotten_cherry":4,"minecraft:diorite":1},"minecraft:killed":{"minecraft:pig":3,"minecraft:spider":1,"minecraft:sheep":2,"minecraft:horse":1,"minecraft:zombie":6,"minecraft:cow":1},"minecraft:picked_up":{"minecraft:charcoal":5,"heroes:brain":5,"minecraft:crafting_table":5,"vinery:red_grape":2,"minecraft:azure_bluet":1,"vinery:rotten_cherry":4,"minecraft:leather":3,"vinery:red_grape_seeds":19,"minecraft:oak_log":23,"minecraft:string":2,"minecraft:cornflower":2,"minecraft:wheat_seeds":5,"minecraft:raw_gold":2,"minecraft:beef":3,"vinery:cherry":2,"minecraft:oak_planks":2,"ironfurnaces:iron_furnace":1,"minecraft:furnace":3,"minecraft:stick":31,"minecraft:raw_iron":35,"minecraft:porkchop":6,"vinery:white_grape":2,"minecraft:blast_furnace":1,"minecraft:diorite":1,"minecraft:white_bed":4,"minecraft:orange_wool":6,"minecraft:rotten_flesh":9,"minecraft:decorated_pot":1,"vinery:white_grape_seeds":24,"ars_nouveau:sourceberry_bush":17,"minecraft:oak_sapling":1,"minecraft:stripped_dark_oak_log":4,"minecraft:sunflower":1,"minecraft:mutton":10,"minecraft:cobblestone":61,"minecraft:white_wool":5},"minecraft:custom":{"minecraft:interact_with_furnace":30,"minecraft:mob_kills":22,"minecraft:interact_with_crafting_table":14,"minecraft:open_barrel":2,"minecraft:leave_game":1,"minecraft:time_since_death":6947,"minecraft:sleep_in_bed":4,"minecraft:climb_one_cm":1218,"minecraft:time_since_rest":5401,"minecraft:waystone_activated":3,"minecraft:sprint_one_cm":229225,"minecraft:damage_taken":3272,"minecraft:walk_one_cm":124385,"minecraft:drop":7,"minecraft:damage_dealt":2832,"minecraft:swim_one_cm":81052,"minecraft:talked_to_villager":1,"minecraft:fly_one_cm":655349,"minecraft:open_chest":9,"minecraft:crouch_one_cm":5823,"minecraft:play_time":95702,"minecraft:deaths":9,"minecraft:sneak_time":2135,"minecraft:walk_under_water_one_cm":38820,"minecraft:jump":2588,"minecraft:walk_on_water_one_cm":13275,"minecraft:interact_with_smoker":2,"minecraft:total_world_time":95702,"minecraft:fall_one_cm":100119},"minecraft:killed_by":{"minecraft:skeleton":4,"minecraft:creeper":2,"minecraft:zombie":1,"eidolon:zombie_brute":1},"minecraft:broken":{"minecraft:wooden_pickaxe":1},"minecraft:mined":{"minecraft:white_bed":4,"vinery:dark_cherry_leaves":40,"minecraft:stripped_dark_oak_log":4,"minecraft:orange_wool":6,"minecraft:powder_snow":2,"ironfurnaces:iron_furnace":1,"minecraft:crafting_table":5,"minecraft:cornflower":2,"minecraft:blast_furnace":1,"vinery:red_grape_bush":9,"minecraft:decorated_pot":1,"minecraft:tall_grass":4,"minecraft:cobblestone":1,"minecraft:deepslate_gold_ore":2,"ars_nouveau:sourceberry_bush":1,"minecraft:oak_planks":2,"minecraft:diorite":1,"vinery:white_grape_bush":12,"minecraft:furnace":3,"minecraft:fire":1,"minecraft:iron_ore":16,"minecraft:azure_bluet":1,"minecraft:grass":9,"minecraft:oak_log":23,"minecraft:deepslate_iron_ore":18,"minecraft:sunflower":2,"minecraft:gravel":1,"minecraft:stone":60,"minecraft:suspicious_gravel":1},"minecraft:used":{"minecraft:cooked_mutton":2,"minecraft:stone_sword":32,"minecraft:stone_pickaxe":35,"minecraft:oak_planks":2,"minecraft:wooden_pickaxe":59,"minecraft:leather_chestplate":1,"vinery:white_grape":2,"minecraft:rotten_flesh":3,"minecraft:torch":8,"heroes:brain":3,"minecraft:crafting_table":5,"minecraft:white_bed":5,"minecraft:oak_log":1,"minecraft:apple":6,"minecraft:command_block":2,"minecraft:bread":5,"minecraft:iron_pickaxe":10,"minecraft:deepslate":33,"minecraft:bedrock":3,"minecraft:stone_axe":9,"ironfurnaces:iron_furnace":1,"minecraft:cobblestone":9,"minecraft:beef":3,"ars_nouveau:sourceberry_bush":14,"minecraft:furnace":2,"vinery:red_grape":2},"minecraft:crafted":{"minecraft:oak_planks":88,"sophisticatedbackpacks:backpack":4,"minecraft:crafting_table":1,"minecraft:wooden_pickaxe":1,"minecraft:furnace":1,"ironfurnaces:iron_furnace":1,"minecraft:stone_axe":1,"minecraft:cooked_mutton":0,"minecraft:air":0,"minecraft:blue_dye":2,"minecraft:charcoal":14,"minecraft:stick":32,"minecraft:iron_pickaxe":1,"minecraft:iron_ingot":23,"minecraft:stone_pickaxe":1,"minecraft:stone_sword":1,"minecraft:chest":1,"minecraft:white_bed":1,"minecraft:light_gray_dye":1,"minecraft:torch":8,"sophisticatedbackpacks:iron_backpack":1}},"DataVersion":3465}