{"stats":{"minecraft:dropped":{"minecraft:wheat_seeds":3,"minecraft:dirt":17,"minecraft:white_wool":7},"minecraft:picked_up":{"sophisticatedbackpacks:gold_backpack":1,"heroes:brain":1,"skilltree:simple_necklace":1,"minecraft:crafting_table":8,"minecraft:leather_chestplate":1,"minecraft:chainmail_boots":2,"minecraft:leather_leggings":1,"minecraft:leather":28,"artifacts:anglers_hat":1,"minecraft:enchanted_book":1,"minecraft:flint":2,"minecraft:oak_log":17,"minecraft:gunpowder":6,"minecraft:dirt":42,"minecraft:iron_axe":1,"minecraft:name_tag":1,"minecraft:item_frame":16,"minecraft:gold_nugget":8,"minecraft:wheat_seeds":3,"minecraft:iron_ingot":9,"minecraft:beef":35,"minecraft:iron_nugget":4,"minecraft:iron_pickaxe":1,"minecraft:chest":12,"minecraft:oak_planks":37,"minecraft:iron_sword":3,"minecraft:egg":2,"minecraft:book":3,"minecraft:golden_helmet":1,"minecraft:stick":32,"minecraft:raw_iron":1,"apotheosis:gem":8,"patchouli:guide_book":2,"minecraft:fire_charge":2,"minecraft:porkchop":32,"minecraft:ink_sac":3,"minecraft:white_bed":4,"minecraft:rotten_flesh":4,"minecraft:hay_block":85,"minecraft:gold_ingot":15,"minecraft:bread":33,"minecraft:emerald":3,"minecraft:cobblestone":14,"minecraft:black_wool":2,"minecraft:mutton":20,"minecraft:coal":108,"minecraft:white_wool":24},"minecraft:custom":{"minecraft:mob_kills":53,"minecraft:interact_with_crafting_table":7,"minecraft:damage_dealt_resisted":0,"minecraft:leave_game":5,"minecraft:time_since_death":4514,"minecraft:sleep_in_bed":3,"minecraft:time_since_rest":5308,"minecraft:sprint_one_cm":220137,"minecraft:damage_taken":1368,"minecraft:walk_one_cm":122262,"minecraft:trigger_trapped_chest":3,"minecraft:drop":5,"minecraft:damage_dealt":6013,"minecraft:swim_one_cm":29006,"minecraft:talked_to_villager":1,"minecraft:fly_one_cm":636744,"minecraft:open_chest":16,"minecraft:crouch_one_cm":1718,"minecraft:play_time":43138,"minecraft:deaths":2,"minecraft:sneak_time":269,"minecraft:walk_under_water_one_cm":4846,"minecraft:jump":1335,"minecraft:walk_on_water_one_cm":4330,"minecraft:total_world_time":43138,"minecraft:fall_one_cm":43839,"minecraft:horse_one_cm":36457},"minecraft:used":{"minecraft:iron_sword":87,"heroes:brain":1,"minecraft:dirt":8,"minecraft:crafting_table":6,"minecraft:white_bed":3,"minecraft:oak_log":1,"minecraft:iron_axe":65,"minecraft:bread":15,"minecraft:iron_pickaxe":60,"minecraft:golden_helmet":1,"minecraft:beef":2,"minecraft:hay_block":9,"minecraft:egg":2},"minecraft:killed":{"minecraft:pig":15,"minecraft:vindicator":4,"minecraft:creeper":2,"minecraft:squid":1,"minecraft:sheep":12,"minecraft:zombie":3,"minecraft:cow":15},"minecraft:mined":{"minecraft:white_bed":3,"minecraft:crafting_table":7,"minecraft:grass_block":1,"minecraft:chest":13,"minecraft:tall_grass":5,"minecraft:spruce_leaves":3,"minecraft:hay_block":53,"minecraft:iron_ore":1,"minecraft:birch_leaves":1,"minecraft:tnt":3,"minecraft:grass":9,"minecraft:bookshelf":5,"minecraft:oak_log":17,"minecraft:coal_ore":54,"minecraft:stone":5,"minecraft:oak_leaves":1},"minecraft:crafted":{"minecraft:oak_planks":16,"sophisticatedbackpacks:backpack":1,"sophisticatedbackpacks:gold_backpack":1,"minecraft:bread":36,"minecraft:air":240,"minecraft:stick":8,"minecraft:iron_ingot":1,"minecraft:iron_pickaxe":1,"minecraft:chest":1,"minecraft:white_bed":1,"skilltree:simple_necklace":1,"minecraft:wheat":12,"sophisticatedbackpacks:iron_backpack":1},"minecraft:killed_by":{"minecraft:vindicator":1}},"DataVersion":3465}