{"stats":{"minecraft:custom":{"minecraft:mob_kills":823,"minecraft:open_barrel":13,"minecraft:damage_dealt_resisted":196151,"minecraft:leave_game":12,"minecraft:time_since_death":7009,"minecraft:climb_one_cm":373,"minecraft:damage_resisted":75635,"minecraft:sprint_one_cm":956749,"minecraft:walk_one_cm":1162844,"minecraft:drop":102,"minecraft:play_time":262080,"minecraft:deaths":52,"minecraft:sneak_time":18708,"minecraft:walk_under_water_one_cm":280569,"minecraft:jump":3284,"minecraft:walk_on_water_one_cm":230192,"minecraft:total_world_time":262080,"minecraft:sleep_in_bed":2,"minecraft:time_since_rest":7060,"minecraft:damage_taken":52318,"minecraft:damage_dealt":3133,"minecraft:swim_one_cm":52191,"minecraft:fly_one_cm":5728612,"minecraft:player_kills":7,"minecraft:open_chest":28,"minecraft:crouch_one_cm":63589,"minecraft:fall_one_cm":240446},"minecraft:picked_up":{"minecraft:spruce_leaves":7,"minecraft:suspicious_gravel":1,"minecraft:wheat":1,"jujutsucraft:slaughter_demon":1,"minecraft:ladder":2,"jujutsucraft:uniform_normal_boots":1,"jujutsucraft:cursed_technique_changer":1,"minecraft:iron_axe":2,"minecraft:item_frame":9,"minecraft:spruce_planks":2,"minecraft:echo_shard":1,"jujutsucraft:sword_shigemo":1,"minecraft:poppy":1,"minecraft:sugar_cane":2,"jujutsucraft:hair_fushiguro_megumi_helmet":1,"minecraft:copper_ore":1,"minecraft:polished_blackstone_brick_slab":2,"minecraft:stick":3,"minecraft:sandstone":2,"minecraft:stone":8,"minecraft:torch":1,"jujutsucraft:sword_okkotsu_yuta":2,"jujutsucraft:clothes_fushiguro_toji_leggings":1,"minecraft:skeleton_skull":1,"minecraft:iron_door":1,"minecraft:salmon":4,"minecraft:fern":2,"jujutsucraft:clothes_todo_aoi_leggings":1,"jujutsucraft:sukuna_finger":1,"minecraft:dirt":39,"minecraft:lantern":5,"minecraft:podzol":5,"minecraft:stripped_bamboo_block":2,"minecraft:bone":1,"minecraft:wheat_seeds":4,"minecraft:cobweb":1,"minecraft:daylight_detector":1,"minecraft:yellow_concrete":1,"minecraft:sand":1,"minecraft:spruce_sapling":9,"jujutsucraft:uniform_gojo_chestplate":1,"minecraft:grass_block":4,"minecraft:spruce_door":1,"minecraft:purple_bed":4,"minecraft:painting":1,"minecraft:birch_sign":1,"minecraft:bread":2,"jujutsucraft:clothes_sukuna_fushiguro_chestplate":1,"minecraft:white_concrete":6,"minecraft:spruce_sign":6,"minecraft:red_concrete":1,"minecraft:stripped_dark_oak_log":1,"minecraft:oak_leaves":1},"minecraft:used":{"minecraft:spruce_leaves":2,"minecraft:dirt":7,"jujutsucraft:uniform_gojo_chestplate":1,"jujutsucraft:uniform_gojo_helmet":1,"jujutsucraft:uniform_gojo_leggings":1,"jujutsucraft:uniform_normal_boots":1,"jujutsucraft:uniform_gojo_boots":1,"minecraft:yellow_concrete":1,"jujutsucraft:uniform_normal_chestplate":1,"jujutsucraft:sword_okkotsu_yuta":1,"minecraft:suspicious_stew":1,"minecraft:purple_bed":4,"jujutsucraft:uniform_normal_leggings":1,"jujutsucraft:sword_shigemo":1},"minecraft:mined":{"minecraft:grass_block":7,"minecraft:spruce_leaves":7,"minecraft:large_fern":7,"minecraft:purple_bed":4,"minecraft:ice":1,"minecraft:grass":2,"minecraft:dirt":7,"minecraft:fern":1},"minecraft:dropped":{"minecraft:spruce_sign":6,"minecraft:daylight_detector":1,"minecraft:wheat_seeds":4,"jujutsucraft:sword_shigemo":1,"minecraft:lantern":5,"minecraft:spruce_door":1,"minecraft:grass_block":4,"jujutsucraft:clothes_todo_aoi_leggings":1,"jujutsucraft:hair_fushiguro_megumi_helmet":1,"minecraft:item_frame":9,"minecraft:stick":3,"minecraft:spruce_leaves":5,"jujutsucraft:slaughter_demon":1,"minecraft:cobweb":1,"minecraft:dirt":32,"minecraft:torch":1,"minecraft:white_concrete":6,"minecraft:iron_door":1,"minecraft:polished_blackstone_brick_slab":2,"minecraft:iron_axe":1,"minecraft:sand":1,"jujutsucraft:sukuna_finger":1,"minecraft:spruce_sapling":9,"minecraft:bone":1,"minecraft:red_concrete":1,"minecraft:sugar_cane":2,"minecraft:bowl":1,"minecraft:wheat":1,"jujutsucraft:uniform_gojo_leggings":1,"minecraft:stripped_dark_oak_log":1,"jujutsucraft:sword_okkotsu_yuta":2,"minecraft:fern":2,"minecraft:suspicious_gravel":1,"minecraft:salmon":4,"minecraft:stripped_bamboo_block":2,"minecraft:echo_shard":1,"minecraft:copper_ore":1,"minecraft:poppy":1,"minecraft:stone":7,"minecraft:skeleton_skull":1,"minecraft:spruce_planks":2,"minecraft:ladder":2,"minecraft:birch_sign":1,"minecraft:painting":1,"minecraft:sandstone":2,"minecraft:podzol":5,"jujutsucraft:uniform_normal_boots":1,"minecraft:oak_leaves":1,"jujutsucraft:uniform_gojo_chestplate":1},"minecraft:killed":{"jujutsucraft:mimiko":9,"jujutsucraft:cursed_spirit_grade_32":24,"jujutsucraft:transfigured_human_3":4,"jujutsucraft:cursed_spirit_grade_21":1,"jujutsucraft:reggie_star":1,"jujutsucraft:cursed_spirit_grade_33":96,"jujutsucraft:cursed_spirit_grade_31":9,"jujutsucraft:dhruv_lakdawalla":1,"jujutsucraft:nanako":7,"jujutsucraft:cursed_spirit_grade_24":2,"jujutsucraft:cursed_spirit_grade_37":1,"jujutsucraft:cursed_spirit_grade_35":3,"jujutsucraft:cursed_spirit_grade_318":27,"jujutsucraft:cursed_spirit_grade_316":17,"jujutsucraft:cursed_spirit_grade_26":1,"jujutsucraft:cursed_spirit_grade_22":3,"jujutsucraft:transfigured_human_2":2,"jujutsucraft:cursed_spirit_grade_39":53,"jujutsucraft:shigemo_haruta":2,"jujutsucraft:cursed_spirit_grade_312":8,"jujutsucraft:cursed_spirit_grade_313":6,"minecraft:fox":2,"jujutsucraft:cursed_spirit_grade_19":1,"jujutsucraft:rozetsu_shikigami":1,"jujutsucraft:cursed_spirit_grade_23":2,"jujutsucraft:cursed_spirit_grade_317":57,"jujutsucraft:cursed_spirit_grade_38":8,"jujutsucraft:cursed_spirit_grade_34":62,"jujutsucraft:transfigured_human_1":4,"jujutsucraft:higuruma_hiromi":1,"jujutsucraft:cursed_spirit_grade_210":2,"minecraft:pig":6,"minecraft:salmon":77,"minecraft:bat":31,"jujutsucraft:curse_user_1":16,"jujutsucraft:cursed_spirit_grade_211":3,"jujutsucraft:curse_user":4,"jujutsucraft:divine_dog_white":1,"jujutsucraft:itadori_yuji":1,"minecraft:squid":16,"jujutsucraft:cursed_spirit_grade_29":2,"jujutsucraft:cursed_spirit_grade_28":4,"minecraft:pillager":1,"jujutsucraft:cursed_spirit_grade_314":42,"jujutsucraft:crow":9,"jujutsucraft:cursed_spirit_grade_311":15,"jujutsucraft:cursed_spirit_grade_310":3,"jujutsucraft:negi_toshihisa":1,"jujutsucraft:cursed_spirit_grade_36":31,"jujutsucraft:cursed_spirit_grade_25":3,"jujutsucraft:cursed_spirit_grade_315":47,"jujutsucraft:cursed_spirit_grade_212":2,"jujutsucraft:cursed_spirit_grade_319":37,"jujutsucraft:cursed_spirit_grade_06":1,"minecraft:villager":7,"jujutsucraft:q":5,"minecraft:cow":1,"jujutsucraft:gravestone_3":1,"jujutsucraft:ogami":2},"minecraft:killed_by":{"jujutsucraft:choso":1,"jujutsucraft:transfigured_human_3":1,"jujutsucraft:cursed_spirit_grade_311":1,"jujutsucraft:cursed_spirit_grade_39":1,"minecraft:player":4,"jujutsucraft:shikigami_pterosaur":1,"jujutsucraft:kenjaku":1,"jujutsucraft:cursed_spirit_grade_05":2,"jujutsucraft:cursed_spirit_grade_12":1,"jujutsucraft:cursed_spirit_grade_22":4,"jujutsucraft:miyo_rokujushi":1,"jujutsucraft:curse_user_1":4,"jujutsucraft:cursed_spirit_grade_19":1,"jujutsucraft:fushiguro_megumi":1,"jujutsucraft:cursed_spirit_grade_314":1,"jujutsucraft:eso":1,"jujutsucraft:zenin_maki_culling_game":1,"jujutsucraft:rozetsu":2,"jujutsucraft:cursed_spirit_grade_212":2,"jujutsucraft:hazenoki":1,"jujutsucraft:reggie_star":1,"jujutsucraft:zenin_jinichi":1,"jujutsucraft:negi_toshihisa":2,"jujutsucraft:jogo":1,"jujutsucraft:uraume":1,"jujutsucraft:dhruv_lakdawalla":1,"jujutsucraft:yorozu":1,"jujutsucraft:q":2,"jujutsucraft:eight_handled_swrod_divergent_sila_divine_general_mahoraga":2}},"DataVersion":3465}